employee_id,first_name,last_name,email,gender,ip_address,city
1,Gilberto,Shenton,gshenton0@dion.ne.jp,Bigender,161.167.157.86,Can-asujan
2,Calli,Stanton,cstanton1@wordpress.com,Female,86.36.82.44,Hacıhüseynli
3,Dominique,Hawkey,dhawkey2@barnesandnoble.com,Male,220.66.168.30,Peruc
4,Emylee,Staynes,estaynes3@google.ru,Female,189.67.197.55,Prokhladnyy
5,Marya,Kertess,mkertess4@zimbio.com,Female,58.253.115.131,Radlje ob Dravi
6,Clayborn,Duetsche,cduetsche5@digg.com,Male,199.100.246.202,Al Lagowa
7,Isidore,Wheeler,iwheeler6@harvard.edu,Male,88.119.50.74,La Rochelle
8,Jarrett,Boner,jboner7@wiley.com,Male,33.196.159.246,Hornówek
9,Flossi,Gimblet,fgimblet8@digg.com,Female,78.47.34.50,James Craik
10,Editha,Mineghelli,emineghelli9@statcounter.com,Female,52.0.212.212,Birao
11,Norene,Tire,ntirea@usatoday.com,Female,149.193.171.241,Klimovsk
12,Honey,Jon,hjonb@t.co,Female,72.240.199.101,Rixinhe
13,Lonny,Knivett,lknivettc@gmpg.org,Male,154.27.106.79,Mandala
14,Serge,Cattonnet,scattonnetd@newsvine.com,Male,1.128.186.24,Fujioka
15,Victor,Micklem,vmickleme@gizmodo.com,Male,236.114.249.11,San Juan
16,Jonis,Strathern,jstrathernf@craigslist.org,Female,19.34.217.143,Turiys’k
17,Sephira,Braham,sbrahamg@msn.com,Genderfluid,120.95.192.23,Cuispes
18,Thomasin,Skeermor,tskeermorh@linkedin.com,Genderfluid,140.64.217.39,Cardal
19,Bili,Cotta,bcottai@domainmarket.com,Female,239.62.58.0,Anabar
20,Alameda,Bilsland,abilslandj@ucoz.ru,Female,189.45.152.249,Ciherang
21,Aldridge,Huncoot,ahuncootk@etsy.com,Male,171.205.85.135,Vallegrande
22,Olivier,Whales,owhalesl@princeton.edu,Male,224.27.236.177,Álli Meriá
23,Celka,Bussey,cbusseym@1688.com,Female,253.80.246.103,Oslo
24,Herve,Maber,hmabern@mtv.com,Male,136.25.165.104,Paracuru
25,Grove,Iseton,gisetono@mail.ru,Male,63.141.149.231,Shuanghekou
26,Thomasine,Menilove,tmenilovep@ameblo.jp,Female,161.101.177.171,Barrancabermeja
27,Wylie,Nind,wnindq@twitter.com,Male,231.110.99.43,Karangpawitan
28,Spence,Benfell,sbenfellr@odnoklassniki.ru,Male,116.108.204.254,Fenggang
29,Rourke,Armell,rarmells@mediafire.com,Male,235.143.106.115,El Rancho
30,Dionisio,Greatbatch,dgreatbatcht@ameblo.jp,Male,9.178.93.165,Côte-Saint-Luc
31,Sigmund,Michurin,smichurinu@over-blog.com,Male,84.191.151.182,Ovruch
32,Randal,Spurnier,rspurnierv@gravatar.com,Male,151.144.80.123,Guantouzui
33,Clareta,Dakers,cdakersw@irs.gov,Genderfluid,85.2.173.118,Dashahe
34,Timothy,Aishford,taishfordx@miitbeian.gov.cn,Male,211.144.80.246,Monte Branco
35,Pedro,Giraudat,pgiraudaty@ovh.net,Male,83.205.0.58,Kepahiang
36,Kinnie,Gibling,kgiblingz@dot.gov,Male,8.36.222.60,Ar Rawḑah
37,Timmy,Gwilt,tgwilt10@symantec.com,Female,89.240.40.230,Berlin
38,Myrtie,Carville,mcarville11@dropbox.com,Female,213.70.230.69,Mujur
39,Romain,Mott,rmott12@flickr.com,Agender,100.158.162.123,Thị Trấn Nho Quan
40,Dulcinea,Henrique,dhenrique13@theguardian.com,Female,133.126.56.78,La Guama
41,Dorrie,Adair,dadair14@ezinearticles.com,Bigender,124.225.132.204,Berezayka
42,Nikolos,Stappard,nstappard15@ow.ly,Male,162.109.126.237,Sukadana
43,Tonia,Dowrey,tdowrey16@live.com,Bigender,78.180.92.210,Tobruk
44,Morton,Chatel,mchatel17@businessweek.com,Male,74.53.86.235,Cimonyong
45,Querida,McKeveney,qmckeveney18@miitbeian.gov.cn,Female,87.31.80.21,Almolonga
46,Rani,Shoubridge,rshoubridge19@shutterfly.com,Female,233.133.123.7,Saint John
47,Jeffry,Stucksbury,jstucksbury1a@cmu.edu,Polygender,105.5.209.215,Mae Hi
48,Othello,Dooney,odooney1b@comsenz.com,Genderfluid,61.79.29.223,Fuxing
49,Jacklyn,Rossi,jrossi1c@wiley.com,Female,228.250.176.237,Farranacoush
50,Hiram,Clemitt,hclemitt1d@google.co.jp,Male,123.55.61.246,Mattawa
51,Renata,Tregoning,rtregoning1e@home.pl,Female,147.31.205.38,Niaohe
52,Philis,Turrill,pturrill1f@timesonline.co.uk,Female,19.107.0.177,Shanguang
53,Roy,Chelnam,rchelnam1g@vinaora.com,Male,152.164.50.117,Presidente Epitácio
54,Wilmette,Martinec,wmartinec1h@squarespace.com,Female,170.23.92.51,Tarakaniv
55,Marlene,Shambrook,mshambrook1i@flavors.me,Female,165.215.92.29,Lajedo
56,Chrissy,Paolotto,cpaolotto1j@cdc.gov,Female,232.209.66.234,Trinaterra
57,Peggy,Matusiak,pmatusiak1k@auda.org.au,Female,237.225.9.232,Muleba
58,Danella,Gyse,dgyse1l@uiuc.edu,Female,35.196.42.63,Manikchari
59,Catherine,Luttger,cluttger1m@reuters.com,Non-binary,151.237.181.201,Luhanka
60,Kessiah,Gillford,kgillford1n@tinyurl.com,Polygender,113.89.52.169,Portela
61,Pepe,Wontner,pwontner1o@rediff.com,Male,51.75.27.140,Shah Alam
62,Georgette,Turner,gturner1p@is.gd,Female,9.43.15.167,Toledo
63,Lay,Dumsday,ldumsday1q@senate.gov,Male,28.98.203.63,Lauro de Freitas
64,Janice,Westman,jwestman1r@craigslist.org,Female,139.207.30.241,La Libertad
65,Margi,Scotchbourouge,mscotchbourouge1s@cdc.gov,Female,88.150.253.137,Terra Chã
66,Keely,Woodley,kwoodley1t@aol.com,Female,192.41.236.71,Urus-Martan
67,Clemente,Spivie,cspivie1u@ustream.tv,Bigender,222.183.254.250,Moryń
68,Ramonda,Mereweather,rmereweather1v@ehow.com,Female,32.252.249.8,Huambo
69,Otes,Bourdis,obourdis1w@technorati.com,Male,15.66.226.63,Miłakowo
70,Korella,Van den Dael,kvandendael1x@skype.com,Female,164.15.134.253,Tiniguiban
71,Maegan,MacSorley,mmacsorley1y@bbc.co.uk,Female,140.232.111.138,Piaocao
72,Aili,Grimmer,agrimmer1z@yandex.ru,Female,192.0.188.147,Sarukhan
73,Marcie,Tomisch,mtomisch20@merriam-webster.com,Female,59.211.16.64,Newmarket
74,Kassi,Achromov,kachromov21@latimes.com,Female,208.162.178.26,Melekyne
75,Melisandra,Sinnett,msinnett22@youku.com,Female,5.241.88.118,Blagodatnoye
76,Ricard,Di Franceshci,rdifranceshci23@toplist.cz,Male,15.0.151.55,Tianxingchang
77,Joseph,Danielli,jdanielli24@wikimedia.org,Male,134.187.44.162,Ijero-Ekiti
78,Pavel,Marte,pmarte25@blogs.com,Male,105.16.35.27,Guadalupe Victoria
79,Darla,Kaine,dkaine26@hibu.com,Female,17.25.120.240,Paris 07
80,Raviv,Blatchford,rblatchford27@symantec.com,Male,241.30.41.202,Passos
81,Chery,Attard,cattard28@webeden.co.uk,Female,215.94.249.140,Brzeźnica
82,Cleopatra,Falkus,cfalkus29@wikipedia.org,Agender,38.76.159.130,San Isidro
83,Kassi,Tomczynski,ktomczynski2a@github.io,Female,33.208.55.59,Frolovo
84,Marcie,Staddon,mstaddon2b@addtoany.com,Female,50.197.54.182,Thị Trấn Cao Phong
85,Englebert,Dolligon,edolligon2c@theglobeandmail.com,Male,182.251.5.54,Setanggor
86,Berky,Newband,bnewband2d@over-blog.com,Male,164.121.249.234,Karlstad
87,Abelard,Tacker,atacker2e@noaa.gov,Male,231.97.243.141,Shazi
88,Bron,Sicely,bsicely2f@economist.com,Male,54.165.213.217,Budapest
89,Donal,Heaslip,dheaslip2g@scientificamerican.com,Male,81.44.232.214,Saaban
90,Niki,Beggi,nbeggi2h@hatena.ne.jp,Male,120.95.198.240,Zhizhong
91,Daveta,Hollingdale,dhollingdale2i@disqus.com,Female,208.205.216.4,Telde
92,Dagmar,Madner,dmadner2j@apple.com,Female,24.28.247.243,Boroon
93,Evelyn,Bank,ebank2k@bing.com,Non-binary,209.52.231.17,Aracati
94,Field,Luparto,fluparto2l@liveinternet.ru,Male,122.2.193.2,Zhigulevsk
95,Rozele,Ault,rault2m@imageshack.us,Female,14.20.60.2,Granada
96,Frazer,Farnish,ffarnish2n@cbc.ca,Male,21.225.225.108,Cuozhou
97,Norrie,Grindlay,ngrindlay2o@nps.gov,Female,80.183.179.240,Iţsā
98,Bert,Benns,bbenns2p@barnesandnoble.com,Male,216.40.92.59,Longotea
99,Margalo,Pitcaithly,mpitcaithly2q@so-net.ne.jp,Female,190.62.180.3,Boissevain
100,Tadeas,Cunnah,tcunnah2r@fema.gov,Agender,128.71.226.198,Agudos
101,Reinhold,O'Teague,roteague2s@1688.com,Male,50.36.171.116,Xiapu
102,Shaina,De Andisie,sdeandisie2t@princeton.edu,Female,169.108.214.126,Uchiza
103,Johnathan,Negal,jnegal2u@pen.io,Male,73.107.122.235,Niejiahe
104,Killy,Gerhartz,kgerhartz2v@hc360.com,Male,16.103.152.156,Amuntai
105,Bryce,Ruffy,bruffy2w@delicious.com,Male,128.253.104.161,Mokolo
106,Jerrie,Tregona,jtregona2x@dagondesign.com,Male,198.80.159.49,Krylovskaya
107,Maurise,Durrad,mdurrad2y@dell.com,Female,9.62.16.190,Nizhniy Bestyakh
108,Bryn,Taplin,btaplin2z@nymag.com,Male,89.166.195.17,Guanzhuang
109,Janek,Frankham,jfrankham30@sciencedirect.com,Male,65.89.33.2,Pingtang
110,Gav,Trorey,gtrorey31@netvibes.com,Male,218.114.75.176,Gonzalo
111,Walton,Catt,wcatt32@slashdot.org,Male,149.9.166.134,Trzebiatów
112,Theda,Rowe,trowe33@paginegialle.it,Female,138.92.207.115,Saltsjö-Boo
113,Fey,Gauch,fgauch34@theatlantic.com,Female,246.55.237.85,Batutulis
114,Neile,Waldocke,nwaldocke35@fema.gov,Female,227.56.122.207,Vitomarci
115,Rubi,Trail,rtrail36@blogs.com,Female,250.212.210.152,Bełsznica
116,Pepito,Brawson,pbrawson37@virginia.edu,Male,242.235.16.176,Ibagué
117,Perl,Boatman,pboatman38@blogspot.com,Female,64.38.45.47,Huaribamba
118,Farand,Piborn,fpiborn39@symantec.com,Genderqueer,57.155.71.203,Frankfort
119,Julio,Boole,jboole3a@sakura.ne.jp,Male,69.92.243.194,Sosnówka
120,Chauncey,McCauley,cmccauley3b@sogou.com,Male,236.218.59.104,Montenegro
121,Asa,O'Driscole,aodriscole3c@reuters.com,Male,30.14.125.37,Mahaba
122,Emelina,Foister,efoister3d@si.edu,Genderqueer,248.162.218.235,Zhaotong
123,Elbertina,Rickell,erickell3e@sina.com.cn,Female,103.105.78.55,Thoen
124,Venita,Durran,vdurran3f@ezinearticles.com,Female,132.250.7.250,Pasiripis
125,Borden,Breckon,bbreckon3g@auda.org.au,Male,20.214.148.81,Hasaki
126,Lemuel,Rayment,lrayment3h@ning.com,Male,1.68.92.92,Kedungtaman
127,Jay,McCoid,jmccoid3i@ow.ly,Male,188.208.95.174,Örebro
128,Bear,Lettley,blettley3j@noaa.gov,Male,65.166.239.184,Chaem Luang
129,Reggie,Troy,rtroy3k@tinyurl.com,Male,74.246.152.34,Xichehe
130,Horten,Aasaf,haasaf3l@hhs.gov,Male,69.211.35.41,Stettler
131,Tedi,Giacobini,tgiacobini3m@bigcartel.com,Female,180.175.126.233,Khāngāh Dogrān
132,Quint,Gunnell,qgunnell3n@craigslist.org,Male,239.8.239.95,El Paso
133,Erin,Happs,ehapps3o@fotki.com,Male,219.23.135.210,Beni Khiar
134,Dacia,Ajsik,dajsik3p@irs.gov,Female,121.181.47.150,‘Awartā
135,Cissiee,Renols,crenols3q@bravesites.com,Female,178.16.245.0,Leuwayang
136,Genovera,Wildor,gwildor3r@auda.org.au,Female,241.89.218.14,Avdzaga
137,Beatriz,Hercock,bhercock3s@com.com,Bigender,65.116.203.252,Changfeng
138,Pet,Quarmby,pquarmby3t@gmpg.org,Female,21.34.43.54,Bakungan
139,Elissa,Theuff,etheuff3u@xinhuanet.com,Genderfluid,109.231.132.224,Anling
140,Gill,Jozaitis,gjozaitis3v@admin.ch,Female,208.163.175.237,Twyford
141,Jehu,Saiz,jsaiz3w@studiopress.com,Male,153.230.231.138,Kobylí
142,Price,Furby,pfurby3x@usda.gov,Male,223.117.227.127,Jiuxian
143,Cesare,Figger,cfigger3y@businessinsider.com,Male,91.45.147.120,Gazojak
144,Ursala,Gregolin,ugregolin3z@freewebs.com,Female,168.193.161.235,Concepción
145,Kandy,Schoular,kschoular40@elpais.com,Female,66.85.65.139,Eindhoven
146,Trixi,Vaulkhard,tvaulkhard41@ed.gov,Female,109.128.112.93,Paraíba do Sul
147,Josefina,Philp,jphilp42@free.fr,Female,85.5.25.241,Igarra
148,Juana,Firman,jfirman43@ucoz.ru,Female,127.53.35.100,Sinyavino
149,Carlo,Rittmeyer,crittmeyer44@sciencedirect.com,Male,3.116.160.15,Rača
150,Zia,Ramsell,zramsell45@mtv.com,Female,231.34.24.93,Pancur
151,Theadora,Vest,tvest46@youtube.com,Female,161.105.53.247,Zhangguanying
152,Kali,Farnon,kfarnon47@mtv.com,Female,46.43.18.12,Xinbu
153,Remus,Melburg,rmelburg48@prnewswire.com,Male,224.86.120.179,Aucallama
154,Sashenka,Bage,sbage49@t.co,Female,25.131.11.142,Kuangshan
155,Tessie,Aris,taris4a@purevolume.com,Female,196.131.100.131,Străşeni
156,Poppy,Paramor,pparamor4b@elpais.com,Female,86.0.22.125,Dobrzeń Wielki
157,Fair,Wanklyn,fwanklyn4c@baidu.com,Male,9.198.162.171,Venezia
158,Germana,Polfer,gpolfer4d@yellowpages.com,Female,25.240.68.164,Kisanga
159,Mikel,Bellenger,mbellenger4e@narod.ru,Male,36.115.164.172,Buseresere
160,Meade,Cumesky,mcumesky4f@thetimes.co.uk,Female,11.141.10.192,Gotovlje
161,Felicio,Stallan,fstallan4g@ibm.com,Male,247.98.39.190,Dongchengyuan
162,Laurene,Febry,lfebry4h@addtoany.com,Female,213.79.32.226,Youlongchuan
163,Arv,Bracci,abracci4i@example.com,Male,193.133.34.177,Sidi Qacem
164,Skippie,McTrustey,smctrustey4j@tuttocitta.it,Male,202.191.140.202,Middelburg
165,Sylas,Tansly,stansly4k@yellowbook.com,Male,66.1.189.12,Donggou
166,Gloriane,McNirlan,gmcnirlan4l@trellian.com,Female,136.134.186.167,Seixas
167,Edna,Lynds,elynds4m@yandex.ru,Female,143.37.43.132,Denton
168,Shannen,Carvell,scarvell4n@github.io,Female,188.73.25.206,Åkersberga
169,Basia,Durno,bdurno4o@wikipedia.org,Female,247.110.201.46,Vroutek
170,Junie,Hablot,jhablot4p@hexun.com,Female,98.9.166.108,Anderstorp
171,Laverne,Betjeman,lbetjeman4q@zdnet.com,Female,245.220.37.25,København
172,Marcie,Spilling,mspilling4r@addtoany.com,Female,217.30.241.43,Borås
173,Augustine,Overy,aovery4s@freewebs.com,Male,89.48.99.30,Dawa-Dawa
174,Kelvin,Middleweek,kmiddleweek4t@issuu.com,Male,39.81.100.132,Librazhd-Qendër
175,Rodney,Cansdall,rcansdall4u@walmart.com,Male,18.101.201.84,Baja Mar
176,Allan,Lies,alies4v@aol.com,Male,22.204.72.88,Kukur
177,Odetta,Ealam,oealam4w@joomla.org,Female,161.144.120.229,Tembol
178,Anthea,Whitcomb,awhitcomb4x@freewebs.com,Polygender,137.187.102.24,São Sebastião do Caí
179,Delilah,O'Deegan,dodeegan4y@exblog.jp,Female,169.120.151.105,Levin
180,Melinde,Luquet,mluquet4z@cbsnews.com,Female,142.146.243.68,Na Di
181,Vevay,Thurner,vthurner50@google.es,Female,146.112.198.237,La Esmeralda
182,Wini,Doudny,wdoudny51@lulu.com,Bigender,152.254.4.203,Zipaquirá
183,Rutter,Buzine,rbuzine52@nps.gov,Male,233.177.88.69,Stockholm
184,Brady,Barefoot,bbarefoot53@epa.gov,Male,183.166.62.17,El Retiro
185,Michell,Fouch,mfouch54@blogs.com,Non-binary,137.54.118.22,Arnhem
186,Theda,Burnsyde,tburnsyde55@gravatar.com,Genderqueer,133.32.57.189,Lile
187,Derby,Woodes,dwoodes56@princeton.edu,Male,16.28.1.164,Vila Maior
188,Roth,Sonner,rsonner57@webmd.com,Male,214.180.145.83,Arras
189,Cloris,Howat,chowat58@mlb.com,Female,153.14.135.165,Beaung Tengah
190,Jard,Arent,jarent59@4shared.com,Male,122.30.60.98,Yangsa
191,Thatcher,Ranstead,transtead5a@bloglines.com,Male,98.89.202.32,Mospyne
192,Winn,Camolli,wcamolli5b@wufoo.com,Male,36.156.78.105,Sąspów
193,Denyse,Crosser,dcrosser5c@java.com,Female,6.213.40.82,Puyung
194,Brad,Driutti,bdriutti5d@barnesandnoble.com,Male,17.18.165.227,Lovisa
195,Cammi,Nobles,cnobles5e@myspace.com,Female,176.206.236.164,Ad Dabbah
196,Kimberlee,Fiennes,kfiennes5f@webmd.com,Female,210.67.168.59,Komatsushimachō
197,Fan,Peat,fpeat5g@nationalgeographic.com,Female,161.157.86.46,Jaleswar
198,Halley,Flett,hflett5h@google.ru,Female,227.47.49.194,Koga
199,Camel,McElvine,cmcelvine5i@icio.us,Agender,194.63.73.178,Polen
200,Griffith,Marcos,gmarcos5j@rakuten.co.jp,Male,103.168.241.86,Düsseldorf
201,Way,Putten,wputten5k@is.gd,Male,250.3.152.243,Majalengka
202,Craggie,Forsdyke,cforsdyke5l@forbes.com,Male,82.56.124.19,Mikulintsy
203,Blancha,Campsall,bcampsall5m@intel.com,Female,218.140.75.211,Sirindhorn
204,Skelly,Klauber,sklauber5n@freewebs.com,Male,189.248.124.142,Tongbang
205,Lissi,Ricciardelli,lricciardelli5o@usgs.gov,Female,85.16.11.148,Shipka
206,Vidovik,Winfield,vwinfield5p@purevolume.com,Male,10.101.219.174,Junín
207,Alaric,Faulconer,afaulconer5q@chicagotribune.com,Male,3.163.94.14,Piojó
208,Kessia,Zorro,kzorro5r@tiny.cc,Female,137.134.29.232,Citangtu Kaler
209,Randolf,Arndell,rarndell5s@ustream.tv,Male,246.72.134.101,Montgomery
210,Ethel,Wibrow,ewibrow5t@netvibes.com,Polygender,169.159.95.162,Vera Cruz
211,Cathrin,Gajownik,cgajownik5u@com.com,Female,144.88.248.92,Picton
212,Bessie,Ommanney,bommanney5v@merriam-webster.com,Bigender,39.11.5.167,Ban Kruat
213,Cully,McKillop,cmckillop5w@jimdo.com,Male,49.67.239.189,Pakel
214,Katina,Vanyard,kvanyard5x@netlog.com,Female,221.219.225.80,Boskovice
215,Boris,Blois,bblois5y@telegraph.co.uk,Male,58.15.21.178,Seminole
216,Brittaney,Brennon,bbrennon5z@noaa.gov,Female,130.88.252.98,Peterhof
217,Nonnah,Boreland,nboreland60@is.gd,Female,137.20.217.57,Ngluwuk
218,Bria,Bearn,bbearn61@mlb.com,Female,168.213.244.16,Niquelândia
219,Hedy,Charke,hcharke62@earthlink.net,Female,219.168.197.5,Chinú
220,Cornelia,Stansall,cstansall63@jalbum.net,Agender,64.138.52.127,Bogovarovo
221,Lisette,Blackesland,lblackesland64@pcworld.com,Female,240.218.92.135,Magisterial
222,Neddy,Roddam,nroddam65@reference.com,Male,215.163.69.248,Gaohe
223,Gabriella,Websdale,gwebsdale66@zdnet.com,Female,11.42.94.6,Hpa-an
224,Wynnie,Renoden,wrenoden67@dyndns.org,Female,239.174.214.195,Karano
225,Jessa,Hugett,jhugett68@about.com,Female,28.226.60.189,Pando
226,Helen-elizabeth,Diglin,hdiglin69@wiley.com,Female,121.109.205.216,Tingsiqiao
227,Sara-ann,Westell,swestell6a@amazon.co.uk,Female,33.242.170.11,Izazi
228,Jesse,Kedge,jkedge6b@umich.edu,Polygender,63.10.146.216,Paniqui
229,Anders,Yapp,ayapp6c@sbwire.com,Male,248.176.153.154,Ushibuka
230,Bettina,Balmforth,bbalmforth6d@uiuc.edu,Female,115.125.212.10,Kusi
231,Blithe,Jago,bjago6e@hhs.gov,Female,36.178.170.78,Lampa
232,Martina,Clemmensen,mclemmensen6f@csmonitor.com,Female,207.83.173.102,Sidikalang
233,Sheelagh,Smallthwaite,ssmallthwaite6g@goo.ne.jp,Female,171.183.44.48,Зуунмод
234,Giorgia,Sempill,gsempill6h@prlog.org,Female,88.172.53.198,Zvečan
235,Lorant,Ricciardi,lricciardi6i@sohu.com,Male,45.117.156.94,Nankang
236,Stephan,Gotter,sgotter6j@fotki.com,Male,65.86.150.83,Muye
237,Almire,Jatczak,ajatczak6k@ustream.tv,Female,150.151.176.167,Poříčí nad Sázavou
238,Buckie,Dargue,bdargue6l@microsoft.com,Male,236.134.84.147,San Fernando Apure
239,Vincents,Chopy,vchopy6m@booking.com,Male,217.70.67.254,Magisterial
240,Donny,Linkie,dlinkie6n@google.com.au,Male,40.214.253.38,San Rafael
241,Xylina,Staves,xstaves6o@boston.com,Female,50.191.181.135,Grekan
242,Pierre,Hopewell,phopewell6p@google.com.au,Male,59.11.157.240,Amparafaravola
243,Nappie,Martyn,nmartyn6q@psu.edu,Male,234.239.253.118,Shetangpo
244,Sutherland,Jozwicki,sjozwicki6r@cafepress.com,Male,108.21.121.223,Adela
245,Udall,Randall,urandall6s@sourceforge.net,Male,126.40.67.126,Marcos Juárez
246,Kim,Pratt,kpratt6t@redcross.org,Male,69.128.69.112,Quezon
247,Nick,Polo,npolo6u@1und1.de,Male,106.210.197.190,Lípa
248,Meryl,Steffens,msteffens6v@ameblo.jp,Female,66.207.100.125,Palestina
249,Travus,Mayow,tmayow6w@whitehouse.gov,Male,1.92.35.72,Mollas
250,Matty,Torrans,mtorrans6x@ezinearticles.com,Female,218.108.255.246,Erada
251,Shir,Woltman,swoltman6y@nature.com,Female,128.78.148.14,Padangpanjang
252,Britt,Este,beste6z@usnews.com,Male,58.102.87.166,Zürich
253,Harwilll,Gooly,hgooly70@mashable.com,Male,163.128.113.14,Metapán
254,Marni,Lambol,mlambol71@jimdo.com,Female,63.218.172.227,Mymensingh
255,Sigismund,Meeron,smeeron72@oakley.com,Male,59.207.62.78,Kamensk-Shakhtinskiy
256,Evelin,Persence,epersence73@google.de,Genderfluid,237.161.209.96,Centenary
257,Bartholomeo,Mustoe,bmustoe74@yahoo.com,Male,79.192.214.120,Xinghuo
258,Bernie,Berthomier,bberthomier75@scientificamerican.com,Genderfluid,170.83.173.139,Mbaké
259,Val,Semkins,vsemkins76@shop-pro.jp,Male,138.44.67.226,Yallahs
260,Guss,Lyford,glyford77@dyndns.org,Male,39.87.235.198,Huji
261,Audi,Renton,arenton78@guardian.co.uk,Female,33.186.49.107,Xinshi
262,Leif,Truswell,ltruswell79@comcast.net,Male,84.19.122.144,Mangaldan
263,Allyce,Alchin,aalchin7a@nhs.uk,Female,131.202.196.193,Mosopa
264,Care,Tosdevin,ctosdevin7b@google.cn,Male,40.199.89.223,Sumberkindagan
265,Dalis,Marjoribanks,dmarjoribanks7c@amazon.co.jp,Male,183.219.233.147,Vetluzhskiy
266,Rubina,Edgler,redgler7d@java.com,Female,18.136.11.134,Kosai-shi
267,Marcelline,Tregunnah,mtregunnah7e@yandex.ru,Agender,185.153.219.186,Karangturi
268,Zsazsa,McGreay,zmcgreay7f@cargocollective.com,Bigender,203.97.131.56,Rönninge
269,Vitoria,Duly,vduly7g@vistaprint.com,Female,192.30.155.203,Jonava
270,Nessa,Blackster,nblackster7h@barnesandnoble.com,Female,218.102.201.199,Qiankou
271,Mario,Fuzzard,mfuzzard7i@berkeley.edu,Bigender,46.142.106.140,Mubo
272,Melinde,Liddiard,mliddiard7j@wikimedia.org,Female,68.122.93.93,Kabīrwāla
273,Oran,Van Arsdall,ovanarsdall7k@google.com.hk,Male,161.210.40.204,Katsina-Ala
274,Rolf,Featherstone,rfeatherstone7l@latimes.com,Male,120.4.84.190,Weishan
275,Job,Degan,jdegan7m@shutterfly.com,Male,139.32.163.244,Fengqiao
276,Elliott,Triggol,etriggol7n@wordpress.org,Male,170.75.205.152,Jevremovac
277,Jany,Denys,jdenys7o@bloglines.com,Female,201.79.85.7,El Guapinol
278,Roxane,Langstrath,rlangstrath7p@addtoany.com,Female,105.129.211.218,Pojok
279,Christos,MacTrustrie,cmactrustrie7q@google.pl,Male,35.65.18.69,San Carlos de Bolívar
280,Vanya,Leere,vleere7r@jalbum.net,Female,59.166.10.142,Novokuybyshevsk
281,Richy,Kerwood,rkerwood7s@multiply.com,Male,152.66.220.19,Qingshui
282,Sallyann,de Guerre,sdeguerre7t@twitter.com,Female,143.14.112.13,Reisdorf
283,Jodie,Neathway,jneathway7u@163.com,Female,254.2.166.61,Motomiya
284,Mab,Slad,mslad7v@google.co.jp,Female,183.21.69.25,Murcia
285,Tracy,Dennitts,tdennitts7w@yellowpages.com,Male,205.101.214.52,Siak Sri Indrapura
286,Catriona,Dronsfield,cdronsfield7x@list-manage.com,Female,86.108.178.196,Frederiksberg
287,Sollie,Whifen,swhifen7y@usnews.com,Male,53.98.195.48,Jing’an
288,Corrina,Flaverty,cflaverty7z@360.cn,Female,168.130.231.21,Lajinha
289,Ida,Cadwallader,icadwallader80@arstechnica.com,Female,234.89.88.157,Miguel Hidalgo
290,Trish,Lumsdale,tlumsdale81@last.fm,Female,221.189.139.19,Beit Horon
291,Teresita,Placido,tplacido82@fastcompany.com,Female,226.104.41.9,Longjumeau
292,Austine,O'Crigane,aocrigane83@newsvine.com,Female,141.105.235.109,Macapá
293,Carlee,Antonoczyk,cantonoczyk84@studiopress.com,Female,201.55.72.105,Nirgua
294,Orville,Coenraets,ocoenraets85@smugmug.com,Male,73.55.128.207,Taveiro
295,Chris,Cuvley,ccuvley86@facebook.com,Male,114.33.76.79,Río Campo
296,Jarrett,Kemetz,jkemetz87@netvibes.com,Male,149.157.198.250,Prilep
297,Welsh,Wilflinger,wwilflinger88@bbb.org,Male,198.34.97.219,Mahekou
298,Gertrud,Braidman,gbraidman89@nymag.com,Female,125.219.237.235,Dąbrowa
299,Aryn,Greenmon,agreenmon8a@drupal.org,Female,187.109.103.120,Mafra
300,Robbert,Counihan,rcounihan8b@odnoklassniki.ru,Male,57.135.124.198,Lewokluok
301,Dacia,Barden,dbarden8c@illinois.edu,Female,36.49.89.79,Richmond
302,Cami,Seager,cseager8d@tiny.cc,Female,115.109.166.74,Erdu
303,Clerissa,Ricardet,cricardet8e@auda.org.au,Female,254.41.45.80,Wuqu
304,Eamon,Clewes,eclewes8f@booking.com,Male,69.241.91.156,Třinec
305,Alikee,Gheeraert,agheeraert8g@usgs.gov,Female,238.164.145.77,Piru
306,Cornell,Goulborne,cgoulborne8h@w3.org,Male,33.145.157.114,Atami
307,Park,Skinner,pskinner8i@macromedia.com,Male,117.89.197.213,Michałów-Reginów
308,Sylvia,Kitchenside,skitchenside8j@istockphoto.com,Female,73.210.226.177,Podosinovets
309,Kevina,Hempel,khempel8k@geocities.jp,Female,136.7.251.98,Mitry-Mory
310,Mitch,Fischer,mfischer8l@wufoo.com,Male,164.101.114.236,Qiangtou
311,Juana,Ward,jward8m@cmu.edu,Female,119.246.174.25,Dungang
312,Shelby,Axcel,saxcel8n@usda.gov,Male,81.175.55.108,Phong Điền
313,Russ,Poulglais,rpoulglais8o@tumblr.com,Male,229.77.130.54,Lisboa
314,Hendrik,Hunting,hhunting8p@a8.net,Male,107.142.85.182,Cheremshan
315,Abran,Rodenburgh,arodenburgh8q@time.com,Male,58.107.36.25,Tadine
316,Calhoun,Hessentaler,chessentaler8r@miitbeian.gov.cn,Male,201.1.209.225,Žrnovo
317,Nap,Cunningham,ncunningham8s@uiuc.edu,Male,125.18.194.147,Xuanma
318,Gaye,Edscer,gedscer8t@geocities.jp,Female,84.42.171.176,Montélimar
319,Jaymie,Wyness,jwyness8u@google.pl,Male,24.77.240.87,General Guido
320,Rosetta,McNuff,rmcnuff8v@berkeley.edu,Polygender,233.22.19.177,Tamnag
321,Audie,Hackey,ahackey8w@mayoclinic.com,Female,235.195.114.137,Shaxi
322,Aldrich,Petrik,apetrik8x@reverbnation.com,Male,42.32.151.231,Chorente
323,Maryjo,Morlon,mmorlon8y@about.me,Genderqueer,246.36.82.172,Foúrnoi
324,Colette,McKinty,cmckinty8z@cbsnews.com,Female,189.144.84.7,Jalālābād
325,Shauna,Bowes,sbowes90@ustream.tv,Female,253.226.249.119,Duyang
326,Adrianne,Ashall,aashall91@webnode.com,Female,2.228.155.138,Anliang
327,Linea,Gronno,lgronno92@state.tx.us,Female,95.217.177.200,Bokor
328,Delainey,Haestier,dhaestier93@boston.com,Male,36.93.201.40,Toulouse
329,Colline,Braemer,cbraemer94@fotki.com,Female,185.110.157.181,Bus’k
330,Di,Crowche,dcrowche95@unblog.fr,Female,221.87.142.109,Solana
331,Zora,Mathiasen,zmathiasen96@cbslocal.com,Female,181.118.208.114,Houston
332,Celia,Gamet,cgamet97@usa.gov,Female,238.152.240.105,Jiuzhen
333,Horatius,Rollason,hrollason98@i2i.jp,Polygender,140.128.178.0,Anlu
334,Hattie,Krystek,hkrystek99@hostgator.com,Female,27.54.71.205,Romny
335,Christoph,Skells,cskells9a@squarespace.com,Male,71.89.218.234,Ponta Porã
336,Earvin,Nutting,enutting9b@odnoklassniki.ru,Male,217.99.28.147,Xibër-Murrizë
337,Wilhelm,Learmouth,wlearmouth9c@homestead.com,Male,47.123.10.216,Phan Thong
338,Raeann,Greeson,rgreeson9d@reference.com,Female,208.235.248.101,Hankazi
339,Arnold,Larby,alarby9e@geocities.jp,Male,79.15.185.69,Tunzhai
340,Druci,MacKissack,dmackissack9f@alibaba.com,Female,120.151.120.23,Chignayhua
341,Ravid,Ogger,rogger9g@merriam-webster.com,Male,108.26.187.179,Berëzovyy
342,Avery,Howgego,ahowgego9h@bandcamp.com,Male,106.219.210.61,Hutang
343,Eadie,Flacke,eflacke9i@nhs.uk,Female,62.165.251.137,Al Ḩazm
344,Kinna,Matschoss,kmatschoss9j@tinyurl.com,Female,153.244.47.146,Évreux
345,Gnni,MacLaig,gmaclaig9k@chronoengine.com,Female,180.43.186.197,Lagoa Seca
346,Jules,Elsdon,jelsdon9l@abc.net.au,Genderqueer,105.145.133.99,Pirava
347,Michele,Eaklee,meaklee9m@yellowbook.com,Male,157.85.42.120,Glendale
348,Sara,Mingo,smingo9n@ameblo.jp,Female,83.40.8.44,Henghe
349,Maddie,Kellard,mkellard9o@wiley.com,Female,30.174.39.103,Jiudu
350,Tate,Ryle,tryle9p@last.fm,Male,139.73.5.119,Sarlat-la-Canéda
351,Francis,Grier,fgrier9q@state.gov,Agender,145.158.43.92,Shinyanga
352,Ray,Sleightholme,rsleightholme9r@amazon.co.jp,Genderqueer,253.16.149.190,Lyubymivka
353,Dyana,Tenney,dtenney9s@webnode.com,Female,37.131.64.157,Mislīyah
354,Daphna,Edmead,dedmead9t@themeforest.net,Female,36.154.73.254,Lanipao
355,Adara,McAllister,amcallister9u@myspace.com,Female,20.88.148.170,Cipatujah
356,Bili,Harmant,bharmant9v@last.fm,Female,20.3.155.220,Petrodvorets
357,Bud,Norewood,bnorewood9w@dyndns.org,Genderfluid,15.66.104.136,Pignon
358,Marlo,Aldgate,maldgate9x@cmu.edu,Female,51.53.176.223,Watubura
359,Purcell,Lauridsen,plauridsen9y@census.gov,Male,242.253.218.9,Dongcun
360,Wolfgang,Goadby,wgoadby9z@themeforest.net,Male,45.236.192.155,Ágios Matthaíos
361,Aimil,Skiggs,askiggsa0@rambler.ru,Female,242.163.126.238,Lanckorona
362,Valenka,Maharry,vmaharrya1@cocolog-nifty.com,Female,234.204.65.130,Zhangxi
363,Melina,Dobbyn,mdobbyna2@narod.ru,Female,60.182.177.223,Pong
364,Sherry,Bridgett,sbridgetta3@ocn.ne.jp,Bigender,157.6.84.192,Limbo
365,Loydie,Dunmore,ldunmorea4@exblog.jp,Male,128.59.221.142,Michałowo
366,Ash,Windle,awindlea5@netscape.com,Male,46.225.179.175,Tanarara
367,Talbert,MacCarlich,tmaccarlicha6@gov.uk,Male,248.209.248.43,Annecy
368,Ida,Antognetti,iantognettia7@acquirethisname.com,Female,53.169.142.185,Las Matas de Santa Cruz
369,Tod,Annwyl,tannwyla8@cpanel.net,Male,1.102.8.87,Thị Trấn Tam Điệp
370,Zacherie,Mccaull,zmccaulla9@cdbaby.com,Male,31.247.15.227,Mingfeng
371,Ardelis,Coppo,acoppoaa@yahoo.com,Female,62.179.149.222,Molagavita
372,Claire,Samudio,csamudioab@yandex.ru,Female,190.75.230.88,Gesikan
373,Torrence,Mounfield,tmounfieldac@canalblog.com,Male,45.30.0.169,Périgny
374,Caril,Forsdicke,cforsdickead@istockphoto.com,Female,171.9.8.227,Gaocun
375,Trstram,McMurtyr,tmcmurtyrae@de.vu,Male,179.4.197.98,Hefu
376,Shaina,Manchester,smanchesteraf@soundcloud.com,Female,139.249.117.89,Nässjö
377,Hewie,Gilardoni,hgilardoniag@jalbum.net,Male,49.39.49.119,Kakamas
378,Novelia,Dyer,ndyerah@soundcloud.com,Female,132.7.170.162,Kabar Utara
379,Allard,Carradice,acarradiceai@comsenz.com,Male,38.215.122.6,Angeghakot’
380,Bertie,Gruby,bgrubyaj@dedecms.com,Male,151.2.20.96,Zhize
381,Kerk,Fenney,kfenneyak@meetup.com,Genderqueer,22.1.83.145,Chuncheng
382,Lauritz,Spong,lspongal@blog.com,Male,19.217.58.244,Vanadzor
383,Gabby,Fulep,gfulepam@youtube.com,Male,0.15.125.9,Alhos Vedros
384,Dena,Hutchin,dhutchinan@phpbb.com,Female,42.28.59.35,Kota Kinabalu
385,Roman,Harrhy,rharrhyao@who.int,Male,144.114.217.231,Ralung
386,Gram,Craigs,gcraigsap@xrea.com,Male,146.46.64.176,Pilpichaca
387,Shawn,Phear,sphearaq@bbb.org,Male,103.56.164.120,Yukhnov
388,Abram,Denecamp,adenecampar@seesaa.net,Male,120.45.5.211,Dadong
389,Ardine,Stiddard,astiddardas@unblog.fr,Female,53.14.236.66,Saint-Quentin-en-Yvelines
390,Rene,Patton,rpattonat@so-net.ne.jp,Male,191.97.45.4,Prigrevica
391,Otha,Cordner,ocordnerau@joomla.org,Female,161.69.232.142,Pecatu
392,Washington,Choake,wchoakeav@comcast.net,Bigender,11.40.210.36,Madala
393,Leupold,Risbridger,lrisbridgeraw@istockphoto.com,Bigender,228.253.7.139,Neẖalim
394,Gorden,Tromans,gtromansax@nih.gov,Male,236.143.69.95,Tangwāni
395,Beverlie,Conyers,bconyersay@yahoo.co.jp,Female,172.35.191.168,Oke Ila
396,Alice,Tomley,atomleyaz@trellian.com,Female,178.136.249.229,Birmingham
397,Kikelia,Knoller,kknollerb0@ft.com,Female,208.187.25.218,Cirompang
398,Annmaria,Brizell,abrizellb1@parallels.com,Female,97.195.73.89,Ban Phan Don
399,Fleurette,Tenniswood,ftenniswoodb2@infoseek.co.jp,Female,245.88.220.59,Orekhovo-Zuyevo
400,Theo,Witheridge,twitheridgeb3@wordpress.org,Female,6.236.197.30,Capas
401,Quillan,Rengger,qrenggerb4@fda.gov,Male,3.72.250.131,Zhonggang
402,Laurie,Bythway,lbythwayb5@opera.com,Female,54.230.206.209,San Andrés
403,Roanne,Ellice,relliceb6@scribd.com,Female,207.18.38.97,Ostrowsko
404,Jania,Dunsire,jdunsireb7@istockphoto.com,Female,106.111.218.186,Sośno
405,Johna,Shaves,jshavesb8@linkedin.com,Female,86.73.136.80,Lidköping
406,Charlton,Mitchenson,cmitchensonb9@drupal.org,Non-binary,179.112.32.136,Bang Bua Thong
407,Krystal,Hartas,khartasba@hp.com,Female,42.71.124.34,Qiaoshi
408,Desdemona,Iddens,diddensbb@businessinsider.com,Female,109.25.43.219,Genteng
409,Ferrel,Pitkeathley,fpitkeathleybc@sciencedirect.com,Male,118.100.77.44,Gort
410,Basil,Avrahm,bavrahmbd@newyorker.com,Agender,106.77.0.10,Cork
411,Robbyn,Hansom,rhansombe@whitehouse.gov,Female,236.11.157.59,Prochnookopskaya
412,Milty,Heineke,mheinekebf@tiny.cc,Male,248.115.219.43,Shazikou
413,Clevey,Goede,cgoedebg@wufoo.com,Male,24.145.140.238,Charlotte
414,Hall,Hallan,hhallanbh@auda.org.au,Male,59.10.143.82,Polje
415,Mikaela,McTrustey,mmctrusteybi@mapy.cz,Female,152.236.85.108,Bundibugyo
416,Abba,Buckerfield,abuckerfieldbj@jimdo.com,Male,80.0.161.95,Rifu
417,Candida,Americi,camericibk@google.es,Female,10.129.62.17,Gandajika
418,Gerri,Lockart,glockartbl@google.nl,Male,229.31.45.67,Holoubkov
419,Francine,Rofe,frofebm@economist.com,Female,110.49.119.198,Bilajari
420,Ruthie,Losty,rlostybn@columbia.edu,Female,208.198.87.12,Drummondville
421,Giordano,Daen,gdaenbo@opera.com,Genderfluid,193.144.200.197,Orsha
422,Karoline,O'Shirine,koshirinebp@wsj.com,Female,9.39.21.151,Gamping Lor
423,Eleanora,Brydie,ebrydiebq@de.vu,Female,57.197.224.216,Wuxiang
424,Madelina,Scogings,mscogingsbr@wikia.com,Female,183.132.12.226,Tongxing
425,Rafi,Djurkovic,rdjurkovicbs@bbc.co.uk,Male,66.188.243.150,Yujiao
426,Lem,Topliss,ltoplissbt@foxnews.com,Male,34.146.240.95,Liushan
427,Alan,Potteridge,apotteridgebu@bigcartel.com,Male,158.175.55.139,Novyy Urgal
428,Enrica,Fend,efendbv@rakuten.co.jp,Female,41.50.239.50,Shiliting
429,Janessa,Sallings,jsallingsbw@dagondesign.com,Female,250.201.141.223,Pan-an
430,Marj,McCree,mmccreebx@lulu.com,Female,241.254.156.221,Berlin
431,Vaughn,De Lasci,vdelasciby@sakura.ne.jp,Male,155.73.51.155,Świnice Warckie
432,Hendrika,Maskrey,hmaskreybz@squarespace.com,Female,130.188.35.8,Lons-le-Saunier
433,Lars,Tricker,ltrickerc0@eepurl.com,Male,183.14.231.27,Ust’-Ulagan
434,Gina,Gregol,ggregolc1@nsw.gov.au,Female,244.206.185.137,Werinama
435,Micah,Connell,mconnellc2@wikimedia.org,Male,60.207.56.31,Half Way Tree
436,Eilis,Paxman,epaxmanc3@multiply.com,Female,241.191.193.193,Bansko
437,Kerianne,Clute,kclutec4@cbsnews.com,Female,2.112.86.252,Guéret
438,Benedikta,Burbank,bburbankc5@statcounter.com,Female,59.16.66.81,Chastyye
439,Lothaire,Lumly,llumlyc6@sohu.com,Male,94.133.40.173,Maştağa
440,Doreen,Harsnipe,dharsnipec7@uol.com.br,Female,221.50.145.3,Pesucen
441,Brandice,Panswick,bpanswickc8@msu.edu,Female,55.19.237.6,Changfeng
442,Martelle,Slee,msleec9@zimbio.com,Female,204.215.214.219,Tsapêraī
443,Walther,Bradlaugh,wbradlaughca@yellowpages.com,Male,134.70.20.122,Ducheng
444,Sal,Hornung,shornungcb@sciencedaily.com,Female,18.208.159.26,Plaju
445,Shem,Androletti,sandroletticc@cargocollective.com,Polygender,91.54.66.248,Brylivka
446,Dorthy,Gobert,dgobertcd@unblog.fr,Female,93.222.62.34,Okayama-shi
447,Norbert,Preece,npreecece@php.net,Male,3.219.68.72,New Cebu
448,Torey,Summerscales,tsummerscalescf@washingtonpost.com,Male,133.232.77.254,South Bend
449,Dael,Makeswell,dmakeswellcg@instagram.com,Female,205.219.86.35,Shinshiro
450,Layney,Cheal,lchealch@arizona.edu,Female,110.186.251.32,Tatebayashi
451,De,Covotti,dcovottici@jimdo.com,Polygender,195.141.141.158,Banquero
452,Glen,Stephenson,gstephensoncj@examiner.com,Male,187.87.74.145,Kansas City
453,Agata,Mitkov,amitkovck@ucoz.com,Non-binary,210.211.42.218,Pont-Rouge
454,Diarmid,Kelemen,dkelemencl@macromedia.com,Male,34.76.119.127,Ashibetsu
455,Candis,Shilstone,cshilstonecm@e-recht24.de,Female,61.255.243.220,Chancay
456,Boycey,Conniam,bconniamcn@japanpost.jp,Male,179.205.25.185,Skoroszyce
457,Ezmeralda,De Carlo,edecarloco@addtoany.com,Female,214.96.48.136,Sungai Nyamuk
458,Sterne,Warcop,swarcopcp@oracle.com,Male,190.221.61.25,Gafsa
459,Lavina,Airdrie,lairdriecq@rambler.ru,Female,35.179.87.215,Ludishan
460,Alayne,Wheeler,awheelercr@prweb.com,Female,20.254.240.56,Paranavaí
461,Morry,Greenrde,mgreenrdecs@forbes.com,Male,63.28.183.153,Donghe
462,Tresa,Lamden,tlamdenct@narod.ru,Female,3.217.153.80,Boulaouane
463,Bond,Pickup,bpickupcu@gov.uk,Male,185.76.93.5,Bang Mun Nak
464,Melisande,Kach,mkachcv@blogtalkradio.com,Female,246.9.219.159,Ereira
465,Brenna,Cosstick,bcosstickcw@gnu.org,Female,167.91.35.136,Leye
466,Maighdiln,Buttwell,mbuttwellcx@independent.co.uk,Female,203.25.113.50,Tiyingtali Kelod
467,Lulu,Fetteplace,lfetteplacecy@ebay.com,Female,254.9.107.166,Sishan
468,Bibbie,Ruben,brubencz@google.ca,Female,149.38.58.28,Yaojiagou
469,Neill,Marl,nmarld0@discovery.com,Polygender,102.83.25.235,Radlje ob Dravi
470,Selinda,Windless,swindlessd1@oracle.com,Female,152.185.254.94,Alegrete
471,Mariette,Edgson,medgsond2@archive.org,Female,210.86.255.236,Darenzhuang
472,Pebrook,Kenneway,pkennewayd3@storify.com,Male,37.3.232.102,Muli
473,Bryan,Shaxby,bshaxbyd4@tuttocitta.it,Male,220.243.157.185,Engel’s
474,Mortie,Cawsby,mcawsbyd5@yahoo.co.jp,Male,102.235.6.242,Nueva Requena
475,Viviana,Lindeboom,vlindeboomd6@dyndns.org,Female,66.208.13.194,Zarya
476,Myrvyn,Milbank,mmilbankd7@ifeng.com,Male,137.216.13.135,Novyy Oskol
477,Klement,Sandcroft,ksandcroftd8@miitbeian.gov.cn,Male,203.219.44.244,Carvalhal
478,Sarine,Bellow,sbellowd9@moonfruit.com,Female,102.214.93.27,Caspisapa
479,Boote,Bayless,bbaylessda@google.nl,Polygender,216.186.236.204,Bęczarka
480,Ira,Lording,ilordingdb@netscape.com,Male,193.217.115.71,Gelin
481,Donnajean,Grahlmans,dgrahlmansdc@yelp.com,Polygender,203.91.148.173,Juan Adrián
482,Jodi,Crutchley,jcrutchleydd@furl.net,Male,250.250.206.27,Padasono
483,Maxy,Mulrooney,mmulrooneyde@cisco.com,Female,105.249.30.195,Oskarshamn
484,Benita,Murrey,bmurreydf@toplist.cz,Female,187.10.25.177,Zhovti Vody
485,Burnard,Rushmare,brushmaredg@wired.com,Male,231.134.95.214,Melaka
486,Delano,Minchinton,dminchintondh@wufoo.com,Male,178.215.103.199,Merke
487,Wilton,Cawthery,wcawtherydi@seattletimes.com,Male,122.115.74.195,Ziyang
488,Antonino,Eliasen,aeliasendj@ow.ly,Male,7.21.73.191,Zachepylivka
489,Sheree,Uglow,suglowdk@deviantart.com,Female,229.68.71.47,Paquera
490,Chaim,Berrigan,cberrigandl@cafepress.com,Male,154.171.189.135,Villa Carlos Paz
491,Rollo,Degoey,rdegoeydm@independent.co.uk,Male,139.40.155.144,Ramos
492,Bill,Ralphs,bralphsdn@studiopress.com,Female,29.243.19.132,Kromy
493,Almeta,Pring,apringdo@globo.com,Female,245.109.117.224,Basarabeasca
494,Kaylee,Mogey,kmogeydp@list-manage.com,Female,59.9.113.82,Le Mans
495,Tarrance,Seaborne,tseabornedq@newsvine.com,Male,74.184.198.159,Gagarin
496,Birgit,Rickersey,brickerseydr@census.gov,Bigender,248.127.74.134,Molave
497,Tabby,Wetherburn,twetherburnds@apache.org,Male,210.103.4.66,Sutysky
498,Thaxter,Leele,tleeledt@bandcamp.com,Male,219.142.149.102,Lymanske
499,Lynnett,Hoult,lhoultdu@house.gov,Bigender,123.238.137.130,Fengjiang
500,Booth,Bilbrook,bbilbrookdv@blogs.com,Male,57.4.191.119,Photharam
501,Amery,Aubery,aauberydw@thetimes.co.uk,Male,153.38.201.158,Zudun
502,Donavon,Lovell,dlovelldx@dell.com,Male,91.43.162.95,Dapdap
503,Reeta,Osler,roslerdy@census.gov,Female,195.203.222.37,Jatisari
504,Sandor,Landman,slandmandz@phoca.cz,Male,30.142.165.28,Lyon
505,Tiena,Bernardoux,tbernardouxe0@devhub.com,Female,47.198.142.189,Pancheng
506,Krysta,Thurnham,kthurnhame1@census.gov,Female,67.205.14.87,Wartburg
507,Corry,Oakes,coakese2@bizjournals.com,Female,145.185.37.81,Rogongon
508,Hermine,Stelfax,hstelfaxe3@usnews.com,Female,227.140.139.23,Kelmė
509,Adriane,Ghione,aghionee4@umn.edu,Female,22.120.60.162,Odolena Voda
510,Mohammed,Bastone,mbastonee5@soundcloud.com,Male,227.123.133.121,Pakis
511,Brigitta,Messier,bmessiere6@nifty.com,Female,99.240.145.154,Beruniy
512,Alejoa,Fallens,afallense7@upenn.edu,Male,200.132.179.98,Mosteiros
513,Susan,Grahamslaw,sgrahamslawe8@indiatimes.com,Female,38.81.54.101,Grand Bois
514,Gav,Acedo,gacedoe9@aboutads.info,Genderqueer,186.217.168.207,Timurlorong
515,Samson,Dradey,sdradeyea@eventbrite.com,Male,232.156.150.218,Eindhoven
516,Juli,Edlington,jedlingtoneb@wunderground.com,Female,176.55.252.64,Nanshui
517,Robinetta,Bridgland,rbridglandec@people.com.cn,Female,75.66.49.235,N'Djamena
518,Ermentrude,McDill,emcdilled@bbb.org,Female,229.209.235.122,San Felipe
519,Timofei,Shire,tshireee@engadget.com,Male,254.50.21.196,‘Afula ‘Illit
520,Aguistin,Jacquemet,ajacquemetef@macromedia.com,Male,237.24.162.127,Fujioka
521,Lynna,Caddie,lcaddieeg@sbwire.com,Agender,104.236.86.42,Prengtale
522,Arman,Juares,ajuareseh@hao123.com,Male,141.154.228.231,Huangsha
523,Sasha,Powlett,spowlettei@amazon.de,Male,103.232.242.89,Richmond
524,Seamus,Moorwood,smoorwoodej@hostgator.com,Male,185.21.108.5,Den Chai
525,Joy,Shadrack,jshadrackek@theatlantic.com,Female,13.172.11.200,Ikedachō
526,Lois,Gantzman,lgantzmanel@arstechnica.com,Female,212.138.100.180,Medellín
527,Leanor,Marages,lmaragesem@mtv.com,Female,86.97.190.244,Iwatsuki
528,Moses,Plevin,mplevinen@google.es,Male,11.168.174.188,Nārang
529,Wayland,MacCaffrey,wmaccaffreyeo@is.gd,Male,33.166.189.165,Jiaojie
530,Clerkclaude,Mac,cmacep@ibm.com,Male,30.116.42.75,Międzybrodzie Bialskie
531,Abramo,Littler,alittlereq@upenn.edu,Male,80.213.178.185,Privolzhsk
532,Skipton,Rycroft,srycrofter@tinyurl.com,Male,16.245.60.226,Sebulu
533,Jessica,McNeilley,jmcneilleyes@toplist.cz,Female,78.72.59.220,Iracemápolis
534,Lissi,Sends,lsendset@paginegialle.it,Female,226.121.115.51,Głuchołazy
535,Astra,Swaisland,aswaislandeu@paginegialle.it,Female,34.156.131.51,Jingling
536,Xymenes,Erskine,xerskineev@marketwatch.com,Male,67.177.5.8,El Quebrachal
537,Camille,Kasper,ckasperew@alexa.com,Female,2.166.56.215,Bačka Palanka
538,Renado,Doding,rdodingex@usda.gov,Male,105.180.198.81,Thị Trấn Sìn Hồ
539,Ugo,Caird,ucairdey@google.pl,Polygender,81.243.84.137,Bhola
540,Celisse,Cadden,ccaddenez@youtu.be,Female,107.55.170.244,Zelenoborskiy
541,Florentia,Brightwell,fbrightwellf0@nature.com,Female,104.216.106.28,Waru
542,Corrinne,Bloxsum,cbloxsumf1@joomla.org,Polygender,215.72.90.6,Blois
543,Tadeo,Barrowclough,tbarrowcloughf2@nymag.com,Male,168.177.170.245,Itō
544,Genovera,Gillatt,ggillattf3@ehow.com,Female,156.204.132.33,Đắk Mâm
545,Farrell,Piggrem,fpiggremf4@ebay.com,Male,228.173.48.167,Bangbayang
546,Sayer,Bosward,sboswardf5@uiuc.edu,Male,6.162.62.21,Tucaní
547,Cassy,Christophersen,cchristophersenf6@ihg.com,Female,192.178.247.221,Trzebnica
548,Ethelyn,Rhoddie,erhoddief7@auda.org.au,Genderfluid,182.109.198.175,Shiroishi
549,Maryjane,Johncey,mjohnceyf8@unblog.fr,Female,235.9.12.17,Kebili
550,Cari,Elvy,celvyf9@ca.gov,Female,101.64.151.28,Wagini
551,Joan,Kerslake,jkerslakefa@vinaora.com,Female,61.196.128.245,Lumijoki
552,Seymour,Bootell,sbootellfb@flickr.com,Male,49.253.32.107,Lisui
553,Guenna,Cubberley,gcubberleyfc@wix.com,Agender,60.44.122.7,Kvasice
554,Ronnie,Branca,rbrancafd@omniture.com,Male,15.244.90.140,Tall aḑ Ḑamān
555,Franz,Fradson,ffradsonfe@w3.org,Genderqueer,108.106.108.27,Muzi
556,Innis,Cookson,icooksonff@wordpress.com,Polygender,218.250.44.171,Bagacay
557,Dennis,Yushkin,dyushkinfg@last.fm,Male,60.17.165.97,Zhoushan
558,Lauree,Yegorkin,lyegorkinfh@google.co.uk,Female,10.180.168.54,Itaparica
559,Inigo,Calf,icalffi@reference.com,Male,125.147.246.43,Niaojin
560,Caryl,Harper,charperfj@tiny.cc,Female,214.95.222.216,El Paso
561,Lalo,Cleobury,lcleoburyfk@who.int,Male,232.48.152.242,Laurel
562,Rooney,De Cristofalo,rdecristofalofl@google.es,Polygender,226.243.85.58,Andir
563,Sianna,Prendergrast,sprendergrastfm@cbsnews.com,Female,203.35.4.249,Sumberdadi
564,Pearline,Graal,pgraalfn@marriott.com,Female,188.19.108.107,Santa Rosa
565,Flori,Dallyn,fdallynfo@pcworld.com,Genderfluid,240.101.178.177,Hecun
566,Venita,Arnet,varnetfp@smugmug.com,Female,185.85.130.115,Psevdás
567,Cosimo,Lewsley,clewsleyfq@sphinn.com,Male,90.171.8.43,Kizema
568,Salomon,Nunnery,snunneryfr@canalblog.com,Male,191.55.16.169,Jianghua
569,Chicky,Russen,crussenfs@smh.com.au,Female,97.64.206.53,Kibre Mengist
570,Lorinda,Dumsday,ldumsdayft@soundcloud.com,Female,196.29.172.211,Daxing
571,Willey,Kenna,wkennafu@blog.com,Male,57.233.92.30,La Estrella
572,Jo ann,Gowrie,jgowriefv@etsy.com,Female,254.185.255.26,Chãos
573,Merola,Sunners,msunnersfw@senate.gov,Female,16.9.196.54,Podbuzh
574,Robinson,Dudlestone,rdudlestonefx@dailymotion.com,Male,22.134.129.49,Bansalan
575,Marcia,Pyper,mpyperfy@google.nl,Female,161.118.62.107,Zhongxian
576,Alysa,Gipp,agippfz@angelfire.com,Genderqueer,138.93.252.183,Lacroix-Saint-Ouen
577,Elladine,Ace,eaceg0@cmu.edu,Female,84.210.19.231,Ronglong
578,Sean,Brewitt,sbrewittg1@plala.or.jp,Female,46.201.174.91,Nanzhao
579,Vincents,Westrope,vwestropeg2@meetup.com,Male,217.154.190.28,Boshof
580,Kristo,Duchart,kduchartg3@wufoo.com,Male,27.210.19.89,Koubia
581,Thibaut,Karadzas,tkaradzasg4@toplist.cz,Male,201.29.185.171,Studenec
582,Hugh,Orto,hortog5@angelfire.com,Male,203.13.188.234,Freguesia do Ribeirao da Ilha
583,Aggi,Rosiello,arosiellog6@jimdo.com,Female,94.219.183.101,Jiulong
584,Jenna,Epsley,jepsleyg7@istockphoto.com,Female,136.173.31.104,Sabangan
585,Way,Orkney,workneyg8@cam.ac.uk,Male,168.150.249.223,Bielawa
586,Bobbee,Davitti,bdavittig9@nsw.gov.au,Female,129.201.198.124,Chelbasskaya
587,Grace,Vinsen,gvinsenga@chicagotribune.com,Non-binary,195.253.45.125,San Antonio
588,Obed,McIlwaine,omcilwainegb@time.com,Genderqueer,152.133.37.219,Ursk
589,Eada,Salmond,esalmondgc@discovery.com,Female,195.255.218.77,Noupoort
590,Bendix,Godfroy,bgodfroygd@cbslocal.com,Male,119.199.135.142,As Sab‘ Biyār
591,Rusty,Greensitt,rgreensittge@cbc.ca,Male,81.228.177.26,Souziqiu
592,Alfie,Suthren,asuthrengf@technorati.com,Male,160.95.195.141,Cockburn Town
593,Prinz,Skerm,pskermgg@cdbaby.com,Male,109.246.192.39,Shangkuli
594,Rozelle,Mityushin,rmityushingh@networksolutions.com,Female,176.222.176.56,Kamyanyets
595,Gerladina,Bampkin,gbampkingi@miitbeian.gov.cn,Female,57.223.57.234,Hyesan-si
596,Allene,Feaks,afeaksgj@omniture.com,Female,83.124.11.220,Santa Rosa de Cabal
597,Rollins,Crommett,rcrommettgk@digg.com,Non-binary,44.243.174.178,Shambu
598,Juliann,Eouzan,jeouzangl@walmart.com,Female,118.29.117.4,Bulahblangaro
599,Andie,Rubel,arubelgm@arstechnica.com,Bigender,41.74.186.89,Liqizhuang
600,Bernhard,Dickinson,bdickinsongn@cornell.edu,Polygender,98.17.57.167,La Ceja
601,Kinna,Tregiddo,ktregiddogo@blogs.com,Female,242.70.194.198,Taiyigong
602,Dee dee,Stallibrass,dstallibrassgp@naver.com,Female,92.209.30.91,Sidomulyo
603,Jay,Coutts,jcouttsgq@upenn.edu,Male,71.226.250.32,Char Bhadrāsan
604,Cesaro,Chattey,cchatteygr@dropbox.com,Male,29.229.90.95,Sui’an
605,Jervis,Witchalls,jwitchallsgs@google.com.br,Male,39.27.103.59,Maoya
606,Fletch,Scoggan,fscoggangt@wordpress.com,Male,77.239.22.50,Cúcuta
607,Ragnar,Bransom,rbransomgu@goo.gl,Male,185.59.185.198,Karangbadar Kidul
608,Sandor,Scouler,sscoulergv@4shared.com,Male,236.238.49.32,Spodnja Hajdina
609,Christi,Messier,cmessiergw@gravatar.com,Female,241.200.229.49,Gareba
610,Aviva,Rosenqvist,arosenqvistgx@1und1.de,Female,140.15.143.221,‘Attīl
611,Alex,McFeat,amcfeatgy@squarespace.com,Female,73.241.248.3,Stockton
612,Jameson,Sinkings,jsinkingsgz@sourceforge.net,Male,44.0.136.130,Boro
613,Durand,Copello,dcopelloh0@cpanel.net,Male,108.2.11.216,Thawat Buri
614,Rebekah,Harte,rharteh1@dailymail.co.uk,Female,31.14.70.97,Pudong
615,Merna,Osment,mosmenth2@china.com.cn,Female,65.98.249.63,Corroios
616,Vonni,Ripping,vrippingh3@nih.gov,Female,122.8.236.133,Laguilayan
617,Jaclin,Biddiss,jbiddissh4@who.int,Female,8.101.214.109,Värnamo
618,Hunter,Garrould,hgarrouldh5@npr.org,Male,111.207.161.216,Firmat
619,Mozes,Reams,mreamsh6@aol.com,Male,64.68.165.6,Semenivka
620,Clementina,Fliege,cfliegeh7@meetup.com,Female,130.129.91.254,Antonina
621,Valene,Bencher,vbencherh8@blogger.com,Female,228.48.144.37,Miaoli
622,Katrine,Murrum,kmurrumh9@spiegel.de,Female,62.92.226.201,Ts’khinvali
623,Giusto,Sherratt,gsherrattha@google.it,Male,222.147.47.105,Dazuo
624,Zaccaria,Spofford,zspoffordhb@answers.com,Male,211.64.218.59,Närpes
625,Abigale,McRavey,amcraveyhc@drupal.org,Female,136.140.82.66,Kultuk
626,Delcine,Truman,dtrumanhd@indiegogo.com,Female,192.159.149.253,Baleagung
627,Sonny,Moughton,smoughtonhe@smh.com.au,Male,177.197.196.150,Cicheng
628,Andy,Lissandrini,alissandrinihf@ted.com,Bigender,220.142.57.22,Tianhekou
629,Shannah,Demonge,sdemongehg@vinaora.com,Female,37.236.12.15,Phủ Thông
630,Standford,Chamberlain,schamberlainhh@arstechnica.com,Male,131.250.147.248,Bourg-en-Bresse
631,Emmaline,Semeradova,esemeradovahi@php.net,Female,179.8.50.125,Longlou
632,Ed,Von Welden,evonweldenhj@upenn.edu,Male,35.2.32.177,Enhe Hada
633,Evered,Coysh,ecoyshhk@nba.com,Male,73.103.247.197,Erada
634,Welbie,Vaggers,wvaggershl@huffingtonpost.com,Male,102.8.230.41,Randfontein
635,Wilek,Frend,wfrendhm@webeden.co.uk,Male,82.226.84.156,Momil
636,Harli,Sammons,hsammonshn@gnu.org,Female,140.54.196.210,Asamboka
637,Giorgia,Cork,gcorkho@sina.com.cn,Female,59.149.235.225,Gucheng
638,Roscoe,Sturges,rsturgeshp@stanford.edu,Male,84.143.228.5,Manila
639,Sidney,Scutt,sscutthq@zdnet.com,Male,135.193.205.247,Jacupiranga
640,Ash,Pawsey,apawseyhr@opensource.org,Male,192.129.111.15,Kepuh
641,Christie,Smeeth,csmeethhs@hostgator.com,Male,211.213.70.18,Cheb
642,Deck,Galloway,dgallowayht@bravesites.com,Male,205.16.48.78,Davao
643,Debra,Lacky,dlackyhu@marriott.com,Female,217.189.16.15,Ampelókipoi
644,Porty,Cleef,pcleefhv@buzzfeed.com,Male,200.223.226.90,Veverská Bítýška
645,Bevvy,Lints,blintshw@about.me,Female,170.77.254.147,Taisen-ri
646,Nelia,Vaughten,nvaughtenhx@naver.com,Female,178.48.43.75,Rouyuan
647,Arlen,Trewinnard,atrewinnardhy@marriott.com,Male,196.21.88.126,Qili
648,Batholomew,Stockwell,bstockwellhz@state.gov,Male,158.212.130.21,Hamburg
649,Carilyn,Caro,ccaroi0@ucsd.edu,Female,150.214.242.210,San Isidro de Lules
650,Chadwick,Tully,ctullyi1@mayoclinic.com,Male,92.48.63.249,Cravo Norte
651,Eadmund,Udell,eudelli2@about.com,Male,127.231.102.119,Xinsheng
652,Abdel,Windus,awindusi3@oakley.com,Male,169.196.170.175,Ivanovo-Alekseyevka
653,Saxon,Etchingham,setchinghami4@feedburner.com,Male,26.176.246.141,Frankfurt am Main
654,Spense,Gandy,sgandyi5@blogger.com,Male,60.109.253.118,Drammen
655,Hilarius,Hawkett,hhawketti6@smh.com.au,Male,147.112.129.180,Weiyang
656,Milicent,Ibotson,mibotsoni7@github.com,Female,175.226.238.234,Guangang
657,Jessika,Ivic,jivici8@imgur.com,Female,230.107.51.187,Bruxelles
658,Jacquenette,Burland,jburlandi9@hatena.ne.jp,Female,248.171.113.187,Węgry
659,Cobb,Phillis,cphillisia@woothemes.com,Male,85.117.153.250,Sult
660,Danica,Harvey,dharveyib@indiegogo.com,Female,171.5.171.209,Beijiang
661,Chrissie,Fairlamb,cfairlambic@macromedia.com,Female,168.175.147.94,Temirtau
662,Edeline,Dawby,edawbyid@cnn.com,Female,184.113.35.243,Saraktash
663,Tammie,Skirling,tskirlingie@hibu.com,Male,248.96.102.114,San Francisco
664,Harv,Whiffin,hwhiffinif@nps.gov,Male,159.5.77.213,Cieplice Śląskie Zdrój
665,Eberhard,Izat,eizatig@eventbrite.com,Male,26.255.235.73,Kirzhach
666,Sky,Dunkerton,sdunkertonih@netscape.com,Male,191.182.152.42,Victoria
667,Kassie,Balducci,kbalducciii@theatlantic.com,Female,74.3.147.1,Baturité
668,Burke,Duddy,bduddyij@123-reg.co.uk,Male,63.176.80.243,Khulna
669,Joyan,Braidman,jbraidmanik@usa.gov,Female,111.101.72.77,Kubangeceng
670,Robb,Putton,rputtonil@washingtonpost.com,Male,87.39.255.32,Merke
671,Bram,Hurdiss,bhurdissim@desdev.cn,Male,219.192.186.149,Sanxi
672,Gelya,Upsale,gupsalein@plala.or.jp,Female,250.131.77.226,Yaozhuang
673,Borg,Djurevic,bdjurevicio@mysql.com,Male,91.80.72.200,Okpo
674,Kerby,Tukesby,ktukesbyip@mediafire.com,Male,229.163.124.145,Muarapinang
675,Ava,Valentin,avalentiniq@pcworld.com,Female,48.109.33.21,Bhisho
676,Dredi,Godart,dgodartir@amazon.de,Female,10.21.251.149,Popovice
677,Jenni,Meritt,jmerittis@xinhuanet.com,Genderfluid,106.113.164.61,Simunul
678,Sumner,Smellie,ssmellieit@ebay.com,Male,13.43.15.53,Peddie
679,Dahlia,Gedling,dgedlingiu@google.com,Female,163.185.56.141,Hāsilpur
680,Hewett,Jorg,hjorgiv@ucla.edu,Male,22.51.188.39,Secunda
681,Bordy,Alberts,balbertsiw@yahoo.com,Male,244.187.229.35,Banjar Dauhmargi
682,Seward,Hardy,shardyix@oaic.gov.au,Male,200.193.125.3,Danxi
683,Clea,Gingell,cgingelliy@mozilla.org,Female,54.68.218.109,Marseille
684,Ricki,Jensen,rjenseniz@senate.gov,Female,247.183.72.43,Saint Augustine
685,Aubine,Gritskov,agritskovj0@macromedia.com,Female,179.90.209.252,Liping
686,Bryn,Batrop,bbatropj1@sbwire.com,Female,100.253.88.45,Dalupirip
687,Rosabelle,Robison,rrobisonj2@cam.ac.uk,Female,126.46.115.216,Bromma
688,Charline,Gregg,cgreggj3@walmart.com,Female,205.32.154.139,Storozhnytsya
689,Carney,Naisby,cnaisbyj4@bravesites.com,Male,46.230.113.160,Yinhedahan’er
690,Hill,Deakes,hdeakesj5@deliciousdays.com,Male,154.181.159.153,Senlis
691,Bronny,Freund,bfreundj6@vimeo.com,Male,154.82.46.120,Marhanets’
692,Tedmund,Bratley,tbratleyj7@sohu.com,Male,119.144.41.145,Washington
693,Sharity,Curtayne,scurtaynej8@webmd.com,Female,40.163.37.48,Lidköping
694,Chad,Kesley,ckesleyj9@godaddy.com,Female,54.75.253.89,Miragoâne
695,Freemon,Dubois,fduboisja@privacy.gov.au,Male,55.214.160.33,Les Cèdres
696,Xena,Kuhndel,xkuhndeljb@msu.edu,Bigender,174.38.70.8,Pimenta Bueno
697,Saunderson,Esparza,sesparzajc@feedburner.com,Male,136.189.82.74,New Glasgow
698,Tally,Lacky,tlackyjd@fema.gov,Male,181.209.204.63,Pimbalayan
699,Job,Jan,jjanje@hud.gov,Male,67.170.24.81,Melun
700,Harman,Antonoczyk,hantonoczykjf@telegraph.co.uk,Male,87.188.232.5,Novo-Nikol’skoye
701,Ludovika,Olland,lollandjg@tmall.com,Female,15.116.103.204,Baiquesi
702,Sydney,Kinsey,skinseyjh@hp.com,Male,148.88.123.169,Porto Seguro
703,Hetty,Newnham,hnewnhamji@gravatar.com,Female,225.125.192.161,Seattle
704,Bo,Prys,bprysjj@histats.com,Male,204.98.160.148,Ledenice
705,Junia,Sisley,jsisleyjk@netlog.com,Female,14.126.68.191,Caringin
706,Tandie,Jeannard,tjeannardjl@vkontakte.ru,Female,157.93.142.179,Lodja
707,Stillman,Czapla,sczaplajm@theguardian.com,Male,4.34.231.110,Yajiwa
708,Rosa,Falkus,rfalkusjn@dagondesign.com,Female,70.42.202.4,Kuafeu
709,Modestine,Mableson,mmablesonjo@cdc.gov,Female,208.79.57.35,Runan
710,Tobiah,Paine,tpainejp@elpais.com,Genderqueer,121.161.161.241,Maracaçumé
711,Coleman,Grealish,cgrealishjq@bbc.co.uk,Male,64.42.66.25,Formosa
712,Chris,Rentilll,crentillljr@tripod.com,Female,141.243.187.80,Tamorong
713,Simonette,Janoch,sjanochjs@dedecms.com,Female,204.253.150.230,Linghu
714,Flint,Fattorini,ffattorinijt@bluehost.com,Polygender,29.67.247.93,Mashi
715,Stacie,Chasmar,schasmarju@rediff.com,Female,226.31.186.133,Kolo
716,Luca,Giblett,lgiblettjv@shinystat.com,Male,177.170.189.174,Jilong
717,Lettie,Davidovic,ldavidovicjw@tripadvisor.com,Female,212.247.160.50,Chishui
718,Curtice,Ninnoli,cninnolijx@nih.gov,Male,93.199.201.104,Hwawŏn
719,Mohammed,Bowbrick,mbowbrickjy@163.com,Male,203.170.9.254,Kijang
720,Alyse,Shorten,ashortenjz@google.pl,Female,227.165.16.134,Kremenki
721,Leesa,Giannasi,lgiannasik0@com.com,Female,203.159.58.234,Jianping
722,Kristy,Redmille,kredmillek1@usnews.com,Female,238.93.182.25,Vista Hermosa
723,Minnaminnie,Christophe,mchristophek2@blogger.com,Female,68.57.219.193,Bieniewice
724,Bette,Bradtke,bbradtkek3@meetup.com,Female,252.177.197.222,Longmiao
725,Georgi,Hew,ghewk4@nytimes.com,Male,224.173.37.193,Quiriquire
726,Randee,Wintringham,rwintringhamk5@sfgate.com,Female,32.1.215.236,Jajaway
727,Bibbye,Frankland,bfranklandk6@gov.uk,Female,202.191.11.158,Mikhaylovka
728,Carlye,Bowdidge,cbowdidgek7@omniture.com,Bigender,209.131.168.166,Naranjo
729,Faythe,Ronchka,fronchkak8@mashable.com,Female,52.194.207.144,James Craik
730,Janean,Brellin,jbrellink9@ocn.ne.jp,Polygender,255.245.27.235,Simao
731,Frankie,Buey,fbueyka@nhs.uk,Female,207.201.222.184,Citalahab
732,Darsie,Franzelini,dfranzelinikb@naver.com,Female,116.23.148.254,Yunmen
733,Lanae,Collacombe,lcollacombekc@kickstarter.com,Female,22.231.156.207,Catriel
734,Lauralee,Holdall,lholdallkd@sina.com.cn,Female,5.176.203.121,Jönköping
735,Clem,Hurt,churtke@creativecommons.org,Male,248.139.0.213,Boden
736,Vassily,Wimpress,vwimpresskf@cloudflare.com,Male,39.148.62.201,Neochóri
737,Trudy,Corck,tcorckkg@nature.com,Female,153.29.177.38,Phetchabun
738,Sheffield,Donalson,sdonalsonkh@google.es,Male,169.218.71.202,Newport Beach
739,Tedmund,Houndesome,thoundesomeki@unicef.org,Male,44.53.36.12,Sergeyevka
740,Marketa,Absolem,mabsolemkj@apple.com,Female,106.41.221.184,Jacutinga
741,Wait,Placstone,wplacstonekk@lycos.com,Male,219.70.20.53,Skokovi
742,Maribelle,Dumbar,mdumbarkl@msn.com,Female,121.242.132.54,Mityana
743,Carleton,Cuddon,ccuddonkm@odnoklassniki.ru,Male,133.68.44.179,Mnichovo Hradiště
744,Cathe,Ship,cshipkn@networksolutions.com,Female,155.2.193.95,Boca Suno
745,Nerte,Zorer,nzorerko@nationalgeographic.com,Female,170.225.65.85,Jatisari
746,Fleurette,Starcks,fstarckskp@i2i.jp,Bigender,216.73.148.47,Nanterre
747,Christan,Sanson,csansonkq@illinois.edu,Female,180.203.178.156,Leiden
748,Trescha,Fonzo,tfonzokr@mediafire.com,Female,39.145.23.105,Lianhua
749,Adam,Gandar,agandarks@nih.gov,Male,150.150.137.67,Pawing
750,Henderson,Klemmt,hklemmtkt@ibm.com,Bigender,205.239.14.111,Krasnoye
751,Nanon,Greenless,ngreenlessku@vk.com,Female,235.235.33.121,Artjärvi
752,Barclay,Gelling,bgellingkv@etsy.com,Male,113.239.6.219,Sannois
753,Rachelle,Dedrick,rdedrickkw@csmonitor.com,Female,80.55.88.130,Menzel Jemil
754,Grier,Elliss,gellisskx@yelp.com,Female,135.107.46.251,Belang
755,Jamill,Kealey,jkealeyky@elegantthemes.com,Male,212.68.110.229,Oxford
756,Joyann,Hanhardt,jhanhardtkz@printfriendly.com,Polygender,142.231.109.198,Étampes
757,Hilda,Ketton,hkettonl0@sina.com.cn,Polygender,129.229.87.16,Ciénaga
758,Guillermo,Klimkov,gklimkovl1@wordpress.org,Male,199.129.170.131,Claremorris
759,Pietrek,Southam,psouthaml2@weibo.com,Male,245.199.50.109,Örnsköldsvik
760,Lois,Bubbings,lbubbingsl3@biglobe.ne.jp,Non-binary,94.120.54.135,Seynod
761,Saidee,Heifer,sheiferl4@deviantart.com,Female,30.254.102.125,Takāb
762,Sadella,Chavey,schaveyl5@hc360.com,Female,57.249.180.31,Ostroróg
763,Krystalle,Jowett,kjowettl6@networksolutions.com,Female,214.210.63.207,Luo’ao
764,Reube,Jeanel,rjeanell7@techcrunch.com,Male,48.76.37.62,Lancaster
765,Hattie,Elcum,helcuml8@hc360.com,Female,203.109.89.119,Malati
766,Lem,Kingett,lkingettl9@spiegel.de,Non-binary,55.202.55.195,Shangani
767,Thomasina,Bulmer,tbulmerla@uol.com.br,Female,152.36.63.124,Finspång
768,Aldin,Schultz,aschultzlb@arstechnica.com,Male,143.110.166.233,Independencia
769,Arv,Iacopo,aiacopolc@umich.edu,Male,248.50.233.57,Schifflange
770,Miltie,Saph,msaphld@qq.com,Male,46.5.24.189,Arai
771,Vivianna,Camous,vcamousle@stanford.edu,Female,32.30.161.104,Kowingir
772,Cristobal,Rousell,crouselllf@hao123.com,Male,145.49.192.105,Mikhaylovka
773,Dare,Featherstonhalgh,dfeatherstonhalghlg@vkontakte.ru,Male,233.206.138.152,Kavieng
774,Adamo,Pods,apodslh@sfgate.com,Male,222.51.40.218,Ichupampa
775,Henka,Winks,hwinksli@51.la,Female,74.27.195.158,Palencia
776,Kathryn,Mold,kmoldlj@linkedin.com,Female,195.235.114.227,Daohe
777,Nikki,Witten,nwittenlk@amazon.co.jp,Non-binary,110.13.170.202,Guararapes
778,Wildon,Buske,wbuskell@cam.ac.uk,Male,143.29.242.13,Novi Vinodolski
779,Lucian,Vina,lvinalm@discovery.com,Male,255.60.209.41,Serhetabat
780,Gamaliel,Hellings,ghellingsln@intel.com,Male,184.2.233.77,Tamaulipas
781,Obadias,Seivwright,oseivwrightlo@about.me,Bigender,55.147.150.49,Nóvita
782,Frankie,Murrison,fmurrisonlp@quantcast.com,Female,206.98.252.171,Gombong
783,Drucy,Wildor,dwildorlq@redcross.org,Female,102.95.206.2,Neiba
784,Mirabella,Palffy,mpalffylr@army.mil,Female,143.32.76.166,Mobai
785,Graeme,Bolding,gboldingls@marketwatch.com,Male,228.201.186.244,Petersfield
786,Hortense,Treadgear,htreadgearlt@networksolutions.com,Female,7.116.133.254,Mandōl
787,Valentin,Atkirk,vatkirklu@lulu.com,Male,39.152.13.37,Estevan
788,Rozele,Novotni,rnovotnilv@myspace.com,Genderqueer,134.255.13.59,Gubu
789,Eadie,Boutflour,eboutflourlw@prnewswire.com,Female,216.17.0.246,Pirogovo
790,Geoff,Zorzini,gzorzinilx@google.pl,Genderqueer,81.110.234.113,Cujillo
791,Mabel,Cockran,mcockranly@i2i.jp,Female,209.193.82.107,Rîbniţa
792,Denys,Pottell,dpottelllz@skyrock.com,Male,14.212.169.238,San Luis
793,Demott,Siege,dsiegem0@hugedomains.com,Male,109.11.40.97,Kirkland
794,Mora,Fidilis,mfidilism1@unc.edu,Female,179.140.68.221,Heydərabad
795,Van,Fredi,vfredim2@rediff.com,Male,232.234.182.177,Sambirejo
796,Findlay,Vakhonin,fvakhoninm3@marriott.com,Male,186.69.20.97,Szprotawa
797,Silva,Siddle,ssiddlem4@scribd.com,Female,230.206.0.96,Dubrava
798,Wadsworth,Shear,wshearm5@360.cn,Male,198.84.206.7,Semīrom
799,Stearne,Simoens,ssimoensm6@princeton.edu,Male,27.20.194.27,Al Majāridah
800,Rozelle,Corradino,rcorradinom7@ycombinator.com,Female,142.175.65.85,Tuanalepe
801,Dyanna,Fobidge,dfobidgem8@earthlink.net,Female,152.155.112.18,Shaliangzi
802,Roscoe,Kyneton,rkynetonm9@umich.edu,Male,151.125.89.210,Yuanba
803,Temp,Davidge,tdavidgema@go.com,Male,108.88.236.198,Bangus Kulon
804,Jaimie,Polycote,jpolycotemb@quantcast.com,Male,68.160.19.75,Sardasht
805,Noel,Brockington,nbrockingtonmc@wordpress.org,Male,164.198.179.158,Ta Phraya
806,Stu,Minnette,sminnettemd@nationalgeographic.com,Male,192.94.94.227,Beaung Tengah
807,Lavinie,Joliffe,ljoliffeme@tinyurl.com,Female,226.187.122.190,Upig
808,Garry,Meneyer,gmeneyermf@sbwire.com,Male,13.8.107.165,Narutō
809,Lu,Doleman,ldolemanmg@netlog.com,Female,110.92.24.107,Malakwal City
810,Bev,Dougharty,bdoughartymh@g.co,Male,87.195.146.30,Allanridge
811,Cody,Jansa,cjansami@indiatimes.com,Female,71.147.111.96,Ankou
812,Wynnie,Buckthorp,wbuckthorpmj@tamu.edu,Female,67.192.50.62,Kyshtym
813,Sharai,Purry,spurrymk@booking.com,Female,230.95.14.212,Horlivka
814,Dirk,Diamond,ddiamondml@earthlink.net,Male,88.75.83.137,Lipník nad Bečvou
815,Hamlin,Worvill,hworvillmm@nps.gov,Male,211.103.38.76,Dengtang
816,Kandace,Horney,khorneymn@addtoany.com,Female,30.171.157.134,Raychikhinsk
817,Stacee,Raylton,srayltonmo@ftc.gov,Female,64.16.70.158,Chongwen
818,Shep,Tine,stinemp@seesaa.net,Male,9.159.251.73,Pidsandawan
819,James,Dumphry,jdumphrymq@comsenz.com,Male,189.94.170.87,Armação de Búzios
820,Konstantin,Bineham,kbinehammr@amazonaws.com,Male,78.142.171.18,Shebunino
821,Perla,Gillani,pgillanims@sina.com.cn,Female,105.93.136.75,Rönninge
822,Ethel,Bartomieu,ebartomieumt@behance.net,Female,9.155.189.211,Castle Bruce
823,Annecorinne,Kiehne,akiehnemu@state.tx.us,Non-binary,78.175.14.59,Quảng Ngãi
824,Gamaliel,Clemencon,gclemenconmv@baidu.com,Male,242.207.142.46,Bukedea
825,Billi,Berzen,bberzenmw@telegraph.co.uk,Female,174.102.161.40,Taichung
826,Harley,Orhtmann,horhtmannmx@time.com,Male,18.25.254.125,Ortega
827,Levy,Glanders,lglandersmy@barnesandnoble.com,Male,174.168.115.151,Vendychany
828,Lewie,Armitage,larmitagemz@creativecommons.org,Male,165.181.87.28,Levashi
829,Marys,Outright,moutrightn0@utexas.edu,Female,213.21.132.20,Lugu
830,Jehu,Sheppard,jsheppardn1@aboutads.info,Male,232.57.178.218,Górzno
831,Valencia,Mastrantone,vmastrantonen2@cmu.edu,Polygender,192.98.221.126,Vancouver
832,Wade,Ace,wacen3@loc.gov,Agender,195.80.223.143,Dazhan
833,Clayborn,Papierz,cpapierzn4@uiuc.edu,Male,175.182.79.139,Capalonga
834,Demetris,Spritt,dsprittn5@marketwatch.com,Female,25.98.253.238,Pertunmaa
835,Van,Runnicles,vrunniclesn6@cdbaby.com,Female,144.103.104.137,Babakantugu
836,Ewart,Oakes,eoakesn7@samsung.com,Male,73.65.102.200,Il’skiy
837,Morgan,Goldsack,mgoldsackn8@webnode.com,Male,172.192.16.9,Žalec
838,Denys,Figg,dfiggn9@latimes.com,Male,123.176.46.92,Same
839,Koenraad,Strettle,kstrettlena@ameblo.jp,Male,5.57.35.101,Semeljci
840,Paulette,Scholtis,pscholtisnb@google.com.hk,Female,81.251.83.232,Ladoang
841,Benson,Goymer,bgoymernc@prweb.com,Non-binary,58.236.144.47,Hushan
842,Adena,McCutcheon,amccutcheonnd@weibo.com,Female,138.63.4.10,Łąck
843,Abe,Iseton,aisetonne@hao123.com,Male,246.116.254.104,Tubajon
844,Hew,Sparshett,hsparshettnf@privacy.gov.au,Male,102.165.147.228,Farmahīn
845,Ginevra,Tunno,gtunnong@toplist.cz,Female,234.85.178.195,Shuiting
846,Mahmud,Ranklin,mranklinnh@tamu.edu,Male,131.226.172.164,Liuzhi
847,Roley,Luckham,rluckhamni@sciencedaily.com,Male,4.235.152.254,Vale de São Cosme
848,Kamila,Pauling,kpaulingnj@businesswire.com,Female,227.36.193.156,Byumba
849,Mischa,Dury,mdurynk@nydailynews.com,Male,109.226.33.129,Kingscourt
850,Niki,Valens-Smith,nvalenssmithnl@clickbank.net,Male,176.164.138.162,Pakisaji
851,Gillian,Pellett,gpellettnm@paypal.com,Female,56.30.156.101,Gīdolē
852,Tadio,Saldler,tsaldlernn@engadget.com,Male,79.179.247.12,São Miguel do Araguaia
853,Putnem,Bogey,pbogeyno@google.pl,Male,153.200.97.45,Colcabamba
854,Wallache,Bestwick,wbestwicknp@myspace.com,Male,248.228.216.144,Não Me Toque
855,Barbey,Scotchmoor,bscotchmoornq@yale.edu,Female,54.69.16.236,Gouqi
856,Leo,Pavey,lpaveynr@ameblo.jp,Male,187.93.64.194,Mulhouse
857,Dacy,West,dwestns@dell.com,Female,25.107.103.5,Guanhães
858,Kala,Haydon,khaydonnt@columbia.edu,Female,205.154.251.68,Shimo-furano
859,Jarrid,Lammertz,jlammertznu@squarespace.com,Male,54.96.139.236,Baoquanshan
860,Barry,Shirt,bshirtnv@wunderground.com,Female,251.124.48.104,Matanog
861,Thayne,Daughtery,tdaughterynw@nbcnews.com,Male,209.231.89.254,Sundsvall
862,Marjorie,Spalding,mspaldingnx@eventbrite.com,Female,72.245.188.34,Bāgh-e Maīdān
863,Rene,Pinnion,rpinnionny@ca.gov,Female,224.19.218.91,Sung Noen
864,Cahra,Knowlden,cknowldennz@cpanel.net,Female,53.124.68.51,Chipoka
865,Felita,Dashper,fdashpero0@google.pl,Female,91.238.251.49,Šentvid pri Stični
866,Claudetta,Banford,cbanfordo1@techcrunch.com,Female,209.43.80.66,Ključ
867,Antonin,Goneau,agoneauo2@cbsnews.com,Male,35.75.247.251,Tayturka
868,Zed,Westmoreland,zwestmorelando3@nationalgeographic.com,Male,72.161.14.9,Huilong
869,Christophorus,Christene,cchristeneo4@blogspot.com,Male,20.81.228.244,Leśna Podlaska
870,Vin,Armor,varmoro5@networksolutions.com,Polygender,255.15.254.176,Sączów
871,Marcy,Livermore,mlivermoreo6@squidoo.com,Female,1.158.46.48,Sevilla
872,Dorie,Waite,dwaiteo7@deliciousdays.com,Female,196.46.211.2,Göteborg
873,Roldan,Sueter,rsuetero8@house.gov,Male,101.15.10.191,Hadyach
874,Halley,Janauschek,hjanauscheko9@prnewswire.com,Female,129.199.215.144,Venda Nova
875,Avram,Chatel,achateloa@icio.us,Male,190.117.89.209,Cran-Gevrier
876,Jarrid,Kassman,jkassmanob@redcross.org,Male,110.135.87.174,Diriomo
877,Ronalda,Giacobilio,rgiacobiliooc@cyberchimps.com,Female,18.82.132.106,Łapsze Niżne
878,Dillon,Leah,dleahod@tinyurl.com,Male,43.208.234.102,Laval
879,Hedvige,Totton,htottonoe@vistaprint.com,Female,229.88.172.151,Colca
880,Betteann,Armitage,barmitageof@csmonitor.com,Female,99.105.162.78,Wierzchowo
881,Perice,Dinning,pdinningog@cyberchimps.com,Male,141.83.217.11,Quốc Oai
882,Berry,Maffezzoli,bmaffezzolioh@unesco.org,Female,237.156.134.18,Araal
883,Gus,Carnihan,gcarnihanoi@nbcnews.com,Non-binary,183.210.28.90,Novomichurinsk
884,Cecil,Simka,csimkaoj@xing.com,Female,102.247.68.5,Žďár nad Sázavou Druhy
885,Babb,Archell,barchellok@wisc.edu,Female,248.69.97.208,Saint-Quentin-en-Yvelines
886,Stephi,Dell Casa,sdellcasaol@google.pl,Non-binary,250.229.191.39,Trollhättan
887,Wallache,Peschka,wpeschkaom@baidu.com,Male,109.179.239.227,Sidowayah Lor
888,Ettie,Thurnham,ethurnhamon@mapquest.com,Female,93.146.94.232,Şafwá
889,Christopher,Wasling,cwaslingoo@w3.org,Male,35.156.177.111,Feričanci
890,Ric,Kleinhandler,rkleinhandlerop@marketwatch.com,Male,59.96.118.72,Lakkha Nëvre
891,Christal,Rosettini,crosettinioq@google.es,Female,137.31.178.42,Bigaa
892,Koren,Dingle,kdingleor@ovh.net,Female,254.219.137.215,Joutseno
893,Shurlock,Creech,screechos@creativecommons.org,Male,144.178.29.237,Maranganí
894,Frank,Seyffert,fseyffertot@apple.com,Female,97.218.184.244,Linköping
895,Jessy,Kingswood,jkingswoodou@apple.com,Female,208.20.198.171,Xinhuang
896,Larine,Stairmand,lstairmandov@ed.gov,Female,233.197.13.30,Alvega
897,Enoch,Castell,ecastellow@facebook.com,Male,34.17.241.113,Liucheng
898,Hailey,Langshaw,hlangshawox@sbwire.com,Male,133.211.67.169,Lomme
899,Kris,Durbridge,kdurbridgeoy@hatena.ne.jp,Polygender,102.192.65.23,Zhabagly
900,Gizela,Swayland,gswaylandoz@google.co.jp,Non-binary,201.34.180.92,Ibiá
901,Locke,Barnham,lbarnhamp0@nasa.gov,Male,151.67.48.69,Dziadkowice
902,Sabrina,Myhan,smyhanp1@themeforest.net,Female,190.84.37.104,Kasonawejo
903,Kearney,Cawdery,kcawderyp2@telegraph.co.uk,Male,233.3.93.132,Huancheng
904,Leonid,Paten,lpatenp3@psu.edu,Male,216.237.78.219,Renfengzhuang
905,Woodrow,O' Shea,wosheap4@huffingtonpost.com,Male,176.139.45.104,Hangzhou
906,Anna-diana,Boxhill,aboxhillp5@instagram.com,Female,160.152.225.239,Pionerskiy
907,Gray,Tarburn,gtarburnp6@microsoft.com,Male,113.129.123.88,Ifo
908,Lynda,Wellwood,lwellwoodp7@icq.com,Female,99.251.154.247,Nanyang
909,Cornell,Fryett,cfryettp8@jiathis.com,Male,188.204.241.18,Mata Grande
910,Barr,MacArte,bmacartep9@cmu.edu,Male,187.159.63.148,Rama
911,Caren,Colbourn,ccolbournpa@ustream.tv,Female,242.122.104.84,Philadelphia
912,Berta,Mooney,bmooneypb@w3.org,Genderqueer,80.18.92.57,Calibishie
913,Berne,Fison,bfisonpc@scientificamerican.com,Male,112.13.177.169,Owczarnia
914,Alida,Melloi,amelloipd@uol.com.br,Female,181.179.38.213,Áno Liósia
915,Waverley,Bantham,wbanthampe@hao123.com,Male,57.25.129.171,Yushugou
916,Jeannie,Hofner,jhofnerpf@google.ca,Genderfluid,166.233.164.133,Burgersfort
917,Martina,Duly,mdulypg@cafepress.com,Female,52.177.83.141,Södertälje
918,Chester,Bare,cbareph@eventbrite.com,Male,196.183.151.151,Tomakivka
919,Joshua,Hearons,jhearonspi@unblog.fr,Male,29.131.186.242,Gubeikou
920,Guillema,Wigfall,gwigfallpj@aol.com,Female,69.168.249.227,Borāzjān
921,Chick,McNeilley,cmcneilleypk@domainmarket.com,Male,29.252.39.157,Koreiz
922,Reamonn,Conan,rconanpl@tinypic.com,Male,97.77.59.78,Changsha
923,Alejandrina,Lande,alandepm@yolasite.com,Female,46.204.55.27,Gangtun
924,Vaughn,Beresfore,vberesforepn@dailymail.co.uk,Male,90.152.206.241,Segezha
925,Kaila,MacVagh,kmacvaghpo@uol.com.br,Female,200.189.117.20,Rybarzowice
926,Quint,Dunning,qdunningpp@photobucket.com,Male,231.177.179.231,Werbkowice
927,Brody,Riddick,briddickpq@patch.com,Male,6.193.252.230,Rabat
928,Bancroft,McGarrity,bmcgarritypr@tripadvisor.com,Male,116.85.185.38,Batulawang
929,Lynette,Shelford,lshelfordps@odnoklassniki.ru,Female,134.246.251.223,Los Aquijes
930,Liva,Swindells,lswindellspt@irs.gov,Bigender,158.83.201.97,Aldeia de Além
931,Vito,Dollimore,vdollimorepu@slate.com,Male,238.191.246.181,Antonio Toledo Corro
932,Feliza,Mackelworth,fmackelworthpv@businesswire.com,Female,153.223.179.15,Vitez
933,Darice,Gusney,dgusneypw@independent.co.uk,Female,254.175.237.214,Jocotenango
934,Griselda,Tiery,gtierypx@ed.gov,Female,166.139.114.140,Lijiang
935,Mireille,Gaunter,mgaunterpy@stumbleupon.com,Female,79.76.242.227,San Antonio
936,Susette,Jillitt,sjillittpz@smugmug.com,Female,178.186.8.40,Monsanto
937,Petronia,Milmith,pmilmithq0@fc2.com,Genderqueer,209.231.117.65,Yolöten
938,Brad,Triebner,btriebnerq1@soundcloud.com,Male,113.18.165.112,Wangping
939,Kalli,Hamnett,khamnettq2@adobe.com,Genderqueer,122.72.225.45,Oncativo
940,Erny,Gilmore,egilmoreq3@sfgate.com,Male,201.145.242.59,Lanipao
941,Warren,Havik,whavikq4@ted.com,Male,132.73.154.233,Acarí
942,Jenn,Karlolczak,jkarlolczakq5@google.com.hk,Female,193.80.174.128,Xiangride
943,Tammi,Terrington,tterringtonq6@bbc.co.uk,Female,71.7.237.194,Caomiao
944,Gaylord,Mosson,gmossonq7@yandex.ru,Male,141.58.94.143,Al Ḩayfah
945,Trueman,De la Zenne,tdelazenneq8@tinyurl.com,Male,182.232.69.212,Ewirgol
946,Dulcie,Bowie,dbowieq9@biblegateway.com,Female,140.231.249.48,Tshaneni
947,Saloma,Long,slongqa@japanpost.jp,Female,68.99.232.198,Gubuk Daya
948,Glynn,Rate,grateqb@edublogs.org,Male,39.139.253.70,Kanuma
949,Ediva,Hills,ehillsqc@indiegogo.com,Female,83.243.254.7,Jingguan
950,Ree,Sherman,rshermanqd@google.com.br,Female,140.91.127.231,Tlogowungu
951,Roscoe,Swindley,rswindleyqe@facebook.com,Male,111.144.200.91,Otwock
952,Dacie,Suddaby,dsuddabyqf@sogou.com,Female,129.178.40.2,Sake
953,Robby,Sandels,rsandelsqg@redcross.org,Female,1.249.166.73,Ban Nahin
954,Paquito,Yggo,pyggoqh@senate.gov,Male,247.35.142.97,Gandara
955,Marrissa,Bohin,mbohinqi@twitter.com,Female,49.189.142.54,Södertälje
956,Sena,Succamore,ssuccamoreqj@csmonitor.com,Female,239.126.250.226,Zhoupu
957,Maison,Cheatle,mcheatleqk@harvard.edu,Male,29.42.26.33,Wendengying
958,Chuck,Ingry,cingryql@spiegel.de,Male,109.139.212.136,Lijiapu
959,Elna,Kennsley,ekennsleyqm@blogtalkradio.com,Female,91.153.30.113,Pudong
960,Fair,Thornber,fthornberqn@quantcast.com,Male,229.224.28.176,Biruinţa
961,Tripp,Khomich,tkhomichqo@nationalgeographic.com,Male,252.150.182.158,Khuma
962,Marthena,Yurkiewicz,myurkiewiczqp@tinypic.com,Female,156.11.110.217,Shuigou
963,Sonja,Cowlishaw,scowlishawqq@foxnews.com,Female,23.83.17.56,Xiwei
964,West,Northern,wnorthernqr@wordpress.com,Male,143.56.60.144,Sabi
965,Roscoe,Ruse,rruseqs@ftc.gov,Male,146.165.42.220,Bañga
966,Filia,Fairholm,ffairholmqt@cnbc.com,Polygender,142.9.6.54,Mpika
967,Siffre,Geldeard,sgeldeardqu@moonfruit.com,Male,191.237.52.114,Beisijia
968,Maryjo,Cluet,mcluetqv@newsvine.com,Female,129.101.82.88,Huangbei
969,Judie,Suller,jsullerqw@ftc.gov,Polygender,208.47.115.167,Letsheng
970,Fernande,Andell,fandellqx@ning.com,Female,61.124.230.243,Notre Dame
971,Alvie,Skowcraft,askowcraftqy@storify.com,Male,98.182.102.137,Kotanopan
972,Tommy,Michele,tmicheleqz@rambler.ru,Male,47.103.80.159,Nine
973,Tracy,Oriel,torielr0@cafepress.com,Female,247.243.138.156,Quinta da Torre
974,Christoph,Beirne,cbeirner1@vk.com,Male,221.249.94.204,Zwettl
975,Yuma,Conquer,yconquerr2@multiply.com,Male,204.52.225.130,Skhirat
976,Caritta,Fadell,cfadellr3@patch.com,Female,30.26.156.224,Bontang
977,Aline,Bromidge,abromidger4@example.com,Agender,8.180.226.4,Borisovka
978,Wat,Meaney,wmeaneyr5@twitter.com,Polygender,226.131.105.77,Qintong
979,Hinda,Dayton,hdaytonr6@quantcast.com,Female,201.3.125.13,Casalinho
980,Randy,Moulsdall,rmoulsdallr7@histats.com,Female,0.177.26.60,Jaroměřice nad Rokytnou
981,Ryann,Josovich,rjosovichr8@t-online.de,Female,107.42.42.160,Artsvaberd
982,Ricki,Tisor,rtisorr9@gov.uk,Male,90.20.119.95,Kamogatachō-kamogata
983,Lynelle,MacIntyre,lmacintyrera@bizjournals.com,Female,154.57.63.203,Kuandian
984,Marisa,Hearsum,mhearsumrb@cloudflare.com,Female,57.170.226.27,Taihua
985,Wolfy,Petric,wpetricrc@blogs.com,Male,114.5.231.72,Timbó
986,Aidan,Quin,aquinrd@yelp.com,Female,189.91.16.117,Hanjia
987,Corenda,Moody,cmoodyre@washingtonpost.com,Female,201.84.14.46,Dadiya
988,Hubert,Shadwick,hshadwickrf@sfgate.com,Male,184.96.209.88,Mhamid
989,Rosalie,Probets,rprobetsrg@geocities.com,Non-binary,106.220.234.151,Ujmisht
990,Benedicta,Kluss,bklussrh@com.com,Female,186.228.157.135,Lumbatan
991,Georgy,Kuhndel,gkuhndelri@blogs.com,Male,140.103.193.173,Si Racha
992,Sinclair,Dunphy,sdunphyrj@networkadvertising.org,Male,252.230.199.199,Yangxu
993,Hercule,Stansall,hstansallrk@va.gov,Male,76.74.123.216,Calapan
994,Gallard,McClay,gmcclayrl@homestead.com,Male,216.110.36.43,Baisangguan
995,Ephraim,Sent,esentrm@harvard.edu,Male,102.140.252.18,Xuanhua
996,Luce,Gilpillan,lgilpillanrn@ifeng.com,Genderfluid,51.94.161.169,Koani Ndogo
997,Ario,Danbrook,adanbrookro@yellowbook.com,Genderqueer,4.243.18.60,Mainit
998,Talbot,Scoyne,tscoynerp@networkadvertising.org,Male,127.149.123.62,Labnig
999,Jocelyne,McCool,jmccoolrq@freewebs.com,Female,233.133.58.200,Khon Buri
1000,Tressa,Coggins,tcogginsrr@wordpress.com,Female,9.31.176.150,Kovářská
